animal_id,source
1,d19515s40i5
2,d19460s14i3
3,d19492s3i31
4,d17682s66i23
4,d17682s46i37
4,d17682s46i35
4,d16986s21i93
5,d16982s30i3
4,d16907s5i35
1,d18502s152i2
3,d19515s61i19
1,d19515s22i10
4,d19659s2i4
6,d19658s62i5
3,d19658s54i25
7,d19657s117i3
3,d19655s13i11
8,d19612s35i1
7,d19612s23i1
9,d19611s30i3
6,d19610s19i2
10,d19610s156i1
11,d19519s9i7
12,d19515s111i9
12,d19515s108i5
1,d19515s1i19
3,d19492s3i25
3,d19492s3i26
3,d19492s3i27
3,d19492s3i28
3,d19492s3i29
3,d19492s3i30
3,d19492s3i32
3,d19492s3i33
3,d19492s3i34
3,d19492s3i35
3,d19492s3i36
3,d19492s3i37
3,d19492s3i38
3,d19492s3i39
3,d19492s3i40
3,d19492s3i41
3,d19492s3i42
3,d19492s3i43
3,d19492s3i44
3,d19492s3i45
3,d19492s3i46
3,d19492s3i47
3,d19492s3i49
3,d19492s3i50
3,d19492s3i51
3,d19492s3i52
3,d19492s3i53
3,d19492s3i54
7,d19492s14i7
7,d19492s14i9
7,d19492s14i10
7,d19492s14i11
7,d19492s14i12
7,d19492s14i13
7,d19492s14i14
7,d19492s14i15
7,d19492s14i16
7,d19492s14i17
7,d19492s14i18
7,d19492s14i19
7,d19492s14i1
7,d19492s14i3
7,d19492s14i5
3,d19492s11i63
3,d19492s11i64
3,d19492s11i65
3,d19492s11i66
3,d19492s11i67
3,d19492s11i68
3,d19492s11i69
3,d19492s11i70
3,d19492s11i71
3,d19492s11i72
3,d19492s11i73
3,d19492s11i74
3,d19492s11i76
3,d19492s11i77
3,d19492s11i78
3,d19492s11i79
3,d19492s11i80
3,d19492s11i81
3,d19492s11i82
3,d19492s11i83
3,d19492s11i84
3,d19492s11i85
3,d19492s11i86
3,d19492s11i87
3,d19492s11i89
3,d19492s11i90
3,d19492s11i91
3,d19492s11i92
3,d19492s11i93
3,d19492s11i100
3,d19492s11i49
3,d19492s11i50
3,d19492s11i51
3,d19492s11i52
3,d19492s11i53
3,d19492s11i54
3,d19492s11i55
3,d19492s11i58
3,d19492s11i60
3,d19492s11i61
3,d19492s11i62
3,d19492s11i1
3,d19492s11i2
3,d19492s11i3
3,d19492s11i4
3,d19492s11i5
3,d19492s11i6
3,d19492s11i8
3,d19492s11i10
3,d19492s11i11
3,d19492s11i12
3,d19492s11i13
3,d19492s11i14
3,d19492s11i15
3,d19492s11i16
3,d19492s11i17
3,d19492s11i18
3,d19492s11i20
3,d19492s11i21
3,d19492s11i22
3,d19492s11i23
3,d19492s11i24
3,d19492s11i25
3,d19492s11i26
3,d19492s11i27
3,d19492s11i28
3,d19492s11i29
3,d19492s11i30
3,d19492s11i31
3,d19492s11i32
3,d19492s11i33
3,d19492s11i34
3,d19492s11i35
3,d19492s11i37
3,d19492s11i38
3,d19492s11i39
3,d19492s11i40
3,d19492s11i41
3,d19492s11i42
3,d19492s11i43
3,d19492s11i44
3,d19492s11i45
3,d19492s11i46
3,d19492s11i47
3,d19492s11i48
2,d19471s3i1
13,d19466s42i1
14,d19466s31i2
14,d19466s25i3
2,d19464s9i2
2,d19464s7i1
2,d19464s7i3
15,d19464s3i3
2,d19464s10i1
16,d19455s9i3
16,d19455s8i1
16,d19455s7i3
16,d19455s7i2
1,d19400s18i1
17,d19330s4i28
3,d18118s5i10
4,d18117s4i1
4,d18117s4i5
4,d18117s4i9
4,d18117s4i15
1,4208s18i9
7,3997s63i8
1,d18502s97i1
3,d18502s76i1
3,d18502s60i9
18,d19571s13i3
19,d18947s47i1
20,d18946s94i1
19,d18946s40i1
21,d18943s35i5
22,d18943s16i5
23,d18943s10i16
19,d18943s1i4
24,d18886s9i5
3,d18506s249i1
3,d18506s20i5
3,d18506s183i23
3,d18506s183i32
3,d18506s183i33
3,d18506s183i34
1,d18506s142i2
1,d18506s142i11
2,d19462s4i3
2,d19462s4i1
1,d19435s18i2
3,d19427s14i3
3,d16089s5i57
3,d16089s27i19
25,d16087s1i5
19,d18941s25i1
23,d18941s23i1
26,d19414s8i1
3,d19407s2i1
3,d19406s11i1
1,d19405s51i1
1,d19038s6i15
1,d19038s6i5
7,d19026s16i25
18,d19513s6i2
27,d18311s4i4
17,d19507s67i25
3,d19506s40i2
28,d18772s55i5
7,d19031s149i10
28,d19031s108i2
28,d19031s24i1
3,d18772s30i8
3,d18772s30i9
26,d19079s14i8
6,d19079s10i5
7,d19079s2i2
8,d19015s17i4
9,d19069s3i3
3,d18509s37i6
3,d18505s41i2
6,d18505s15i10
3,d18501s8i50
9,d18463s62i3
9,d18463s40i1
3,d19362s8i3
12,d19362s5i30
17,d19353s18i1
1,d19360s3i1
11,d19354s3i3
7,d19031s149i45
21,d19031s136i10
6,d19031s81i7
28,d19031s35i2
28,d19031s7i1
26,d19079s14i1
6,d19079s12i21
1,d19491s1i1
21,d19457s12i3
3,d19393s11i3
3,d18109s7i2
3,d18109s6i20
3,d18109s6i32
3,d18107s6i16
3,d18107s5i9
3,d18107s4i1
3,d18107s4i2
3,d18107s4i5
7,d18107s2i3
29,d19460s6i3
30,d19460s38i5
30,d19460s37i4
2,d19460s14i4
31,d19458s7i3
31,d19458s7i2
31,d19458s7i1
2,d19458s4i1
2,d19458s3i1
2,d19458s2i5
2,d19458s2i1
31,d19456s3i1
14,d19456s10i2
2,d19449s4i3
2,d19449s4i1
18,d19371s68i5
32,d19371s35i3
25,d18240s6i7
4,d15710s3i13
3,d19349s3i8
33,d18729s2i1
6,d18719s6i1
34,d18285s99i4
34,d18285s99i5
34,d18285s99i6
34,d18285s99i7
34,d18285s99i8
34,d18285s99i9
34,d18285s99i10
34,d18285s99i11
34,d18285s98i1
34,d18285s98i2
34,d18285s98i3
34,d18285s98i4
34,d18285s98i6
34,d18285s98i7
34,d18285s98i8
34,d18285s98i9
34,d18285s98i10
34,d18285s98i11
34,d18285s98i12
35,d18285s97i1
35,d18285s97i2
35,d18285s97i3
35,d18285s97i4
35,d18285s97i5
35,d18285s97i11
35,d18285s97i12
35,d18285s97i13
35,d18285s97i14
35,d18285s97i15
35,d18285s97i16
35,d18285s97i17
35,d18285s97i18
35,d18285s97i19
35,d18285s97i20
35,d18285s97i21
35,d18285s97i22
35,d18285s97i23
35,d18285s97i24
35,d18285s97i25
35,d18285s97i26
34,d18285s95i1
34,d18285s95i2
34,d18285s95i3
34,d18285s95i4
34,d18285s93i1
34,d18285s93i2
34,d18285s93i3
34,d18285s93i4
34,d18285s93i5
34,d18285s9i2
34,d18285s9i3
34,d18285s9i4
34,d18285s9i5
34,d18285s9i6
34,d18285s9i7
34,d18285s9i8
34,d18285s9i9
34,d18285s9i10
34,d18285s9i11
34,d18285s9i12
34,d18285s9i1
35,d18285s89i1
35,d18285s89i2
35,d18285s89i3
35,d18285s89i4
35,d18285s89i5
35,d18285s89i6
34,d18285s88i3
34,d18285s88i4
34,d18285s88i5
36,d18285s87i22
36,d18285s87i24
36,d18285s87i29
34,d18285s86i1
34,d18285s86i2
34,d18285s86i3
34,d18285s86i4
34,d18285s86i5
34,d18285s86i6
34,d18285s86i7
35,d18285s83i1
35,d18285s83i2
35,d18285s83i3
35,d18285s83i4
35,d18285s83i5
34,d18285s71i1
34,d18285s71i2
34,d18285s71i3
34,d18285s71i4
34,d18285s71i5
34,d18285s44i3
34,d18285s44i5
34,d18285s44i6
34,d18285s44i7
34,d18285s44i8
34,d18285s44i9
34,d18285s44i10
34,d18285s43i1
34,d18285s43i2
34,d18285s43i3
34,d18285s43i4
34,d18285s43i5
34,d18285s21i7
34,d18285s21i8
34,d18285s21i9
34,d18285s21i10
34,d18285s21i11
34,d18285s21i12
34,d18285s20i2
34,d18285s20i4
34,d18285s20i5
34,d18285s12i2
34,d18285s12i3
34,d18285s114i3
34,d18285s114i4
34,d18285s114i5
34,d18285s114i6
34,d18285s114i7
34,d18285s113i1
34,d18285s113i2
34,d18285s11i2
34,d18285s11i3
35,d18285s100i2
35,d18285s100i3
35,d18285s100i4
35,d18285s100i5
35,d18285s100i6
35,d18285s100i1
35,d18285s10i3
35,d18285s10i4
35,d18285s10i5
35,d18285s10i6
35,d18285s10i7
3,d17977s21i8
3,d17977s16i9
3,d17977s16i17
3,d17975s14i22
3,d17720s6i2
3,4293s1i10
37,4292s4i1
38,d17492s13i7
38,d17492s13i6
5,d19013s19i3
1,d19013s12i1
9,d19002s13i1
5,d19000s67i6
38,d18930s26i5
7,d19158s9i2
1,d18493s231i1
28,d18493s72i2
1,d18474s2i1
3,d19024s16i35
7,d19158s5i15
39,d19297s177i1
40,d19297s75i2
41,d17559s22i2
41,d17559s22i1
42,d19112s4i6
12,d16905s7i6
12,d16905s7i6
12,d16905s7i8
12,d16905s7i8
3,d17267s45i15
3,d17267s45i15
3,d17267s64i3
3,d17267s64i2
3,d17267s64i2
31,d19292s3i4
31,d19292s3i4
21,d19286s37i3
21,d19286s37i3
3,d17952s23i5
7,d17952s10i5
28,d17952s9i22
3,d18171s19i8
3,d18171s13i44
3,d18171s13i8
5,d18171s7i3
9,d18219s58i4
9,d18219s58i3
3,d18219s34i4
7,d18219s11i3
25,d18225s6i12
38,d19064s7i2
14,d19286s8i1
14,d19286s8i1
43,d19297s37i5
44,d19297s320i1
45,d19297s318i6
45,d19297s318i7
45,d19297s318i12
45,d19297s318i15
45,d19297s30i12
44,d19297s293i1
40,d19297s260i5
43,d19297s18i1
43,d19297s18i4
46,d19297s137i1
30,d19295s5i3
30,d19295s5i3
30,d19295s2i1
31,d19292s3i6
2,d19292s2i4
2,d19285s7i3
30,d19285s5i3
2,d19285s3i1
14,d19285s2i4
2,d19283s3i2
35,d18291s98i1
35,d18291s98i2
35,d18291s98i3
35,d18291s98i4
35,d18291s98i5
34,d18291s97i21
34,d18291s97i22
34,d18291s97i23
34,d18291s97i24
34,d18291s97i25
34,d18291s97i26
34,d18291s97i27
34,d18291s97i28
34,d18291s97i29
34,d18291s97i30
34,d18291s97i31
34,d18291s97i32
34,d18291s97i33
34,d18291s97i34
34,d18291s97i3
34,d18291s97i4
34,d18291s97i5
34,d18291s97i6
34,d18291s97i7
34,d18291s97i8
34,d18291s97i9
34,d18291s97i10
34,d18291s97i11
34,d18291s97i13
34,d18291s97i14
34,d18291s97i15
34,d18291s97i16
34,d18291s97i17
34,d18291s97i18
34,d18291s97i19
34,d18291s97i20
35,d18291s96i6
35,d18291s96i7
35,d18291s96i8
35,d18291s96i9
35,d18291s96i10
35,d18291s96i11
35,d18291s96i12
35,d18291s95i3
35,d18291s95i4
35,d18291s95i5
35,d18291s95i6
35,d18291s95i7
35,d18291s95i8
35,d18291s95i9
35,d18291s95i10
35,d18291s95i1
35,d18291s95i2
34,d18291s94i2
34,d18291s94i3
34,d18291s94i4
34,d18291s93i5
34,d18291s93i6
34,d18291s93i7
34,d18291s93i8
34,d18291s93i9
34,d18291s93i10
34,d18291s93i11
34,d18291s93i12
35,d18291s91i7
35,d18291s91i8
35,d18291s91i9
35,d18291s91i10
35,d18291s91i1
35,d18291s91i2
35,d18291s91i3
35,d18291s91i4
35,d18291s91i5
35,d18291s91i6
34,d18291s90i1
34,d18291s90i2
34,d18291s90i3
34,d18291s90i4
34,d18291s90i5
34,d18291s90i6
34,d18291s90i7
34,d18291s90i8
35,d18291s9i1
35,d18291s9i2
35,d18291s9i3
35,d18291s9i4
35,d18291s9i5
35,d18291s9i6
35,d18291s9i7
35,d18291s9i8
35,d18291s9i9
35,d18291s9i10
35,d18291s9i11
34,d18291s89i5
34,d18291s89i6
34,d18291s89i7
35,d18291s87i1
35,d18291s87i2
35,d18291s86i2
35,d18291s86i3
35,d18291s86i4
35,d18291s86i5
35,d18291s86i6
35,d18291s86i7
35,d18291s86i8
35,d18291s86i9
34,d18291s8i11
34,d18291s8i12
34,d18291s8i13
34,d18291s8i14
34,d18291s8i15
34,d18291s8i16
34,d18291s8i17
34,d18291s8i18
34,d18291s8i19
34,d18291s8i20
34,d18291s8i21
34,d18291s8i22
34,d18291s8i23
34,d18291s8i24
34,d18291s8i25
34,d18291s8i26
34,d18291s8i27
34,d18291s8i28
34,d18291s8i29
34,d18291s8i30
34,d18291s8i31
34,d18291s8i32
34,d18291s8i2
34,d18291s8i3
34,d18291s8i4
34,d18291s8i5
34,d18291s8i6
34,d18291s8i7
34,d18291s8i8
34,d18291s8i9
34,d18291s8i10
34,d18291s8i1
34,d18291s75i2
34,d18291s75i3
34,d18291s75i4
34,d18291s75i5
34,d18291s74i5
34,d18291s74i6
34,d18291s74i7
34,d18291s74i8
35,d18291s59i1
35,d18291s59i2
35,d18291s59i3
35,d18291s59i4
35,d18291s59i5
35,d18291s59i6
35,d18291s59i7
47,d18291s58i1
47,d18291s58i2
47,d18291s58i3
47,d18291s58i4
47,d18291s58i5
35,d18291s57i2
35,d18291s57i3
35,d18291s57i4
35,d18291s57i5
34,d18291s51i2
34,d18291s51i2
34,d18291s51i3
34,d18291s51i3
34,d18291s51i4
34,d18291s51i4
34,d18291s51i5
34,d18291s51i5
34,d18291s20i70
34,d18291s20i71
34,d18291s20i72
34,d18291s20i73
34,d18291s20i74
34,d18291s20i75
34,d18291s20i76
34,d18291s20i77
34,d18291s20i78
34,d18291s20i79
34,d18291s20i80
34,d18291s20i81
34,d18291s20i82
34,d18291s20i83
34,d18291s20i84
34,d18291s20i85
34,d18291s20i86
34,d18291s20i87
34,d18291s20i62
34,d18291s20i63
34,d18291s20i64
34,d18291s20i65
34,d18291s20i66
34,d18291s20i67
34,d18291s20i68
34,d18291s20i69
34,d18291s20i25
34,d18291s20i26
34,d18291s20i27
34,d18291s20i28
34,d18291s20i29
34,d18291s20i30
34,d18291s20i31
34,d18291s20i32
34,d18291s20i33
34,d18291s20i34
34,d18291s20i35
34,d18291s20i36
34,d18291s20i37
34,d18291s20i38
34,d18291s20i39
34,d18291s20i40
34,d18291s20i41
34,d18291s20i42
34,d18291s20i43
34,d18291s20i44
34,d18291s20i45
34,d18291s20i46
34,d18291s20i51
34,d18291s20i52
34,d18291s20i53
34,d18291s20i54
34,d18291s20i55
34,d18291s20i56
34,d18291s20i57
34,d18291s20i58
34,d18291s20i59
34,d18291s20i60
34,d18291s20i61
34,d18291s20i6
34,d18291s20i7
34,d18291s20i8
34,d18291s20i9
34,d18291s20i10
34,d18291s20i11
34,d18291s20i12
34,d18291s20i13
34,d18291s20i14
34,d18291s20i15
34,d18291s20i16
34,d18291s20i17
34,d18291s20i18
34,d18291s20i19
34,d18291s20i20
34,d18291s20i21
34,d18291s20i22
34,d18291s20i23
34,d18291s20i24
35,d18291s18i7
35,d18291s18i8
35,d18291s18i9
35,d18291s18i10
35,d18291s18i11
35,d18291s18i12
35,d18291s18i13
35,d18291s18i14
35,d18291s18i15
35,d18291s18i1
35,d18291s18i2
35,d18291s18i6
35,d18291s123i11
35,d18291s123i12
35,d18291s123i13
35,d18291s123i14
35,d18291s123i4
35,d18291s123i5
35,d18291s123i6
35,d18291s123i7
35,d18291s123i8
35,d18291s123i9
35,d18291s123i1
35,d18291s123i2
35,d18291s123i3
34,d18291s119i2
34,d18291s119i3
34,d18291s119i4
34,d18291s119i5
34,d18291s118i4
34,d18291s118i5
34,d18291s118i6
34,d18291s117i25
34,d18291s117i26
34,d18291s117i2
34,d18291s117i3
34,d18291s117i4
34,d18291s117i5
34,d18291s117i6
34,d18291s117i7
34,d18291s117i8
34,d18291s117i9
34,d18291s117i10
34,d18291s117i11
34,d18291s117i12
34,d18291s117i13
34,d18291s117i14
34,d18291s117i15
34,d18291s117i16
34,d18291s117i17
34,d18291s117i18
34,d18291s117i19
34,d18291s117i20
34,d18291s117i21
34,d18291s117i22
34,d18291s117i23
34,d18291s117i24
34,d18291s116i7
34,d18291s116i8
34,d18291s116i9
34,d18291s115i33
34,d18291s115i34
34,d18291s115i35
34,d18291s115i36
34,d18291s115i26
34,d18291s115i27
34,d18291s115i29
34,d18291s115i30
34,d18291s115i31
34,d18291s115i32
34,d18291s115i11
34,d18291s115i12
34,d18291s115i13
34,d18291s115i14
34,d18291s115i15
34,d18291s115i16
34,d18291s115i17
34,d18291s115i18
34,d18291s115i19
34,d18291s115i20
34,d18291s115i22
34,d18291s115i25
35,d18291s10i8
35,d18291s10i9
35,d18291s10i10
35,d18291s10i11
35,d18291s10i12
35,d18291s10i13
35,d18291s10i14
35,d18291s10i15
35,d18291s10i16
35,d18291s10i17
35,d18291s10i2
35,d18291s10i3
35,d18291s10i4
35,d18291s10i5
35,d18291s10i6
35,d18291s10i7
35,d18291s10i1
48,d18268s7i1
48,d18268s7i2
48,d18268s7i3
48,d18268s7i4
48,d18268s7i5
48,d18268s7i6
48,d18268s7i7
48,d18268s7i8
48,d18268s7i10
1,d18552s3i1
49,d17413s82i2
50,d17570s9i11
51,d17428s13i4
52,d17428s7i4
21,d17562s39i7
53,d17562s34i1
54,d17427s25i1
51,d17427s19i5
53,d17562s14i1
53,d17562s13i5
20,d17562s3i9
24,d17426s159i4
24,d17426s159i3
24,d17426s159i2
24,d17426s159i1
40,d17426s94i1
24,d17437s53i1
43,d17437s16i5
28,d19061s66i1
7,d19061s15i8
7,d19061s15i10
28,d19061s9i7
35,d16757s60i11
35,d16757s60i29
35,d16757s6i1
55,d16757s50i1
56,d16757s5i2
56,d16757s5i2
57,d16757s16i2
3,d18749s52i7
3,d18749s17i2
6,d18442s77i1
58,d18442s30i7
3,d18442s28i11
59,d17171s11i1
7,d18775s23i2
3,d18225s3i14
60,d18060s12i3
61,d16756s9i2
61,d16756s9i8
61,d16756s9i2
62,d16756s6i3
62,d16756s6i12
61,d16756s3i1
63,d16756s2i16
62,d16755s6i6
39,d16429s47i8
28,d19098s14i3
28,d19098s5i1
3,d18750s44i27
3,d18750s36i1
64,d16429s22i6
21,d19115s8i4
13,d19113s16i3
13,d19113s10i2
21,d19110s13i1
2,d19113s7i4
28,d18667s17i2
28,d18667s9i1
28,d18667s5i2
40,d16425s75i2
44,d16425s320i1
45,d16425s318i13
45,d16425s318i6
45,d16425s316i17
44,d16425s293i1
40,d16425s260i5
65,d19072s41i22
65,d19072s41i28
51,d17428s17i12
51,d17428s17i15
51,d17428s17i21
52,d17428s16i2
52,d17428s16i3
51,d16430s49i1
51,d16430s49i2
51,d16430s49i3
51,d16430s34i7
66,d16430s12i4
33,d18980s20i8
33,d18980s20i9
33,d18980s19i1
32,d18979s35i30
32,d18979s27i28
32,d18979s27i20
32,d18979s12i13
32,d18979s12i2
32,d18979s10i5
32,d18979s9i24
32,d18979s9i10
40,d16425s75i1
45,d16425s318i7
45,d16425s318i10
45,d16425s318i12
1,d18976s22i2
5,d18960s8i1
9,d17715s50i13
9,d17715s50i10
9,d17715s50i7
9,d17715s49i1
9,d17715s49i5
7,d17715s27i25
7,d17715s17i27
67,d17718s21i10
9,d18766s12i5
3,d18985s7i3
6,3912s160i1
9,3912s153i2
1,3912s140i1
68,3909s50i9
7,3911s29i1
1,3911s14i3
10,d19052s25i1
9,d18766s12i3
1,d18769s75i6
1,d18769s75i2
39,d18769s56i1
69,d18769s37i2
5,d18769s36i8
9,d18768s12i1
39,d18926s10i1
6,d18925s20i2
6,d18900s6i1
26,d18897s10i5
26,d18897s10i2
3,d18494s182i9
3,d18494s118i1
32,d18979s27i25
7,d17715s27i23
7,d17715s17i24
38,d18743s27i9
3,d18743s20i2
38,d16169s94i1
12,d16169s48i2
38,d16165s15i8
3,d16162s36i85
70,d16148s95i5
5,d18059s11i2
32,d18059s9i4
4,d18052s16i18
4,d18052s2i2
3,d15870s7i17
71,4345s2i3
3,d18978s17i2
1,d18976s22i15
3,d18974s7i91
33,d18971s26i1
33,d18962s7i8
3,d16145s102i21
3,d16145s36i34
12,d16169s137i2
3,d16169s61i19
12,d16169s48i3
3,d16169s28i21
3,d16165s42i3
3,d16165s35i5
12,d16162s78i7
12,d16162s70i1
12,d16162s49i10
12,d16162s35i4
3,d16162s31i9
70,d16148s109i4
3,d16162s64i30
3,d16162s64i28
3,d16162s64i17
3,d16148s112i44
3,d16148s112i39
3,d16148s112i28
3,d16148s108i2
3,d16148s108i11
3,d16148s101i37
3,d16148s101i36
3,d16148s101i30
3,d16148s101i33
70,d16148s94i2
70,d16148s90i2
3,d16148s87i10
3,d16148s70i2
70,d16148s63i5
3,d16148s61i6
3,d16148s58i24
3,3085s97i2
3,3085s76i7
7,3085s42i4
35,d18276s99i5
35,d18276s99i6
35,d18276s99i7
35,d18276s99i8
35,d18276s99i9
35,d18276s99i10
35,d18276s99i11
35,d18276s99i4
35,d18276s98i1
35,d18276s98i2
35,d18276s98i3
35,d18276s98i4
35,d18276s98i5
35,d18276s98i6
35,d18276s98i7
34,d18276s97i1
34,d18276s97i2
34,d18276s97i3
34,d18276s97i4
34,d18276s97i5
34,d18276s97i6
34,d18276s97i7
34,d18276s97i8
34,d18276s97i9
34,d18276s97i10
35,d18276s94i20
35,d18276s94i21
35,d18276s94i22
35,d18276s94i36
35,d18276s94i37
35,d18276s94i7
35,d18276s94i8
35,d18276s94i9
35,d18276s94i10
35,d18276s94i11
35,d18276s94i12
35,d18276s94i13
35,d18276s94i14
35,d18276s94i15
35,d18276s94i16
35,d18276s94i17
35,d18276s94i18
35,d18276s94i19
35,d18276s93i1
35,d18276s93i2
35,d18276s93i3
35,d18276s93i4
35,d18276s93i5
35,d18276s93i6
35,d18276s93i7
35,d18276s93i8
35,d18276s91i4
35,d18276s91i5
35,d18276s91i6
35,d18276s91i7
35,d18276s91i8
35,d18276s91i9
35,d18276s91i10
35,d18276s91i1
35,d18276s91i2
35,d18276s91i3
35,d18276s90i1
35,d18276s90i2
35,d18276s90i3
35,d18276s90i4
35,d18276s90i5
35,d18276s78i1
35,d18276s78i2
35,d18276s78i3
35,d18276s78i4
35,d18276s78i5
35,d18276s78i6
35,d18276s78i7
35,d18276s78i8
35,d18276s78i9
35,d18276s78i10
34,d18276s75i2
34,d18276s75i3
34,d18276s75i4
34,d18276s75i5
34,d18276s75i6
35,d18276s74i5
35,d18276s74i6
35,d18276s74i7
35,d18276s74i8
35,d18276s74i9
35,d18276s74i10
35,d18276s74i11
35,d18276s74i12
35,d18276s74i13
35,d18276s74i14
35,d18276s74i1
35,d18276s74i2
35,d18276s74i3
35,d18276s74i4
34,d18276s34i6
34,d18276s34i7
34,d18276s34i1
34,d18276s34i2
34,d18276s34i3
34,d18276s34i4
34,d18276s34i5
35,d18276s3i1
35,d18276s3i2
35,d18276s3i3
35,d18276s3i4
35,d18276s3i5
35,d18276s3i6
72,d18265s45i42
72,d18265s45i43
72,d18265s45i44
72,d18265s45i45
72,d18265s45i46
72,d18265s45i48
72,d18265s45i67
72,d18265s45i70
72,d18265s45i71
72,d18265s45i72
72,d18265s45i118
72,d18265s45i119
72,d18265s45i120
72,d18265s45i122
72,d18265s45i193
72,d18265s45i194
72,d18265s45i195
72,d18265s45i208
72,d18265s45i209
72,d18265s45i210
72,d18265s45i278
72,d18265s45i279
72,d18265s45i280
72,d18265s45i281
72,d18265s45i16
1,d18164s26i5
3,d18769s70i50
38,3986s189i29
38,3986s189i30
38,3986s189i27
38,3986s189i28
38,3986s189i24
38,3986s189i25
38,3986s189i26
38,3986s189i23
38,3986s189i22
38,3986s189i21
38,3986s189i20
38,3986s189i19
38,3986s189i18
38,3986s189i17
38,3986s189i15
38,3986s189i14
38,3986s189i13
38,3986s189i11
38,3986s189i9
38,3986s189i10
38,3986s189i8
38,3986s189i6
38,3986s189i7
38,3986s189i5
38,3986s189i3
38,3986s189i4
38,3986s189i2
38,3986s189i1
38,3986s149i30
38,3986s149i29
38,3986s149i28
38,3986s149i27
38,3986s149i26
38,3986s149i25
38,3986s149i23
38,3986s149i24
38,3986s149i22
38,3986s149i21
38,3986s149i20
38,3986s149i19
38,3986s149i17
38,3986s149i18
38,3986s149i16
38,3986s149i15
38,3986s149i14
38,3986s149i13
38,3986s149i11
38,3986s149i12
38,3986s149i10
38,3986s149i9
38,3986s149i8
38,3986s149i6
38,3986s149i7
38,3986s149i5
38,3986s149i4
38,3986s149i2
38,3986s149i3
38,3986s149i1
3,d18769s24i66
3,3986s39i77
3,3986s39i76
3,3986s39i66
3,3986s39i59
35,d18276s84i2
35,d18276s84i3
35,d18276s84i4
35,d18276s84i5
35,d18276s84i6
35,d18276s84i7
35,d18276s84i1
35,d18276s54i1
35,d18276s54i2
35,d18276s54i3
35,d18276s54i4
35,d18276s54i5
35,d18276s54i6
35,d18276s54i7
35,d18276s54i8
35,d18276s54i9
35,d18276s54i10
35,d18276s45i11
35,d18276s45i6
35,d18276s45i7
35,d18276s45i8
35,d18276s45i9
35,d18276s45i10
35,d18276s45i1
35,d18276s45i2
35,d18276s45i3
35,d18276s45i4
35,d18276s45i5
35,d18276s21i30
35,d18276s21i31
35,d18276s21i32
35,d18276s21i36
35,d18276s21i39
35,d18276s21i15
35,d18276s21i16
35,d18276s21i17
35,d18276s21i18
35,d18276s21i19
35,d18276s21i20
35,d18276s21i21
35,d18276s21i22
35,d18276s21i23
35,d18276s21i24
35,d18276s21i25
35,d18276s21i26
35,d18276s21i27
35,d18276s21i28
35,d18276s21i29
35,d18276s21i2
35,d18276s21i3
35,d18276s21i4
35,d18276s21i5
35,d18276s21i6
35,d18276s21i7
35,d18276s21i8
35,d18276s21i9
35,d18276s21i10
35,d18276s21i11
35,d18276s21i12
35,d18276s21i13
35,d18276s21i14
35,d18276s21i1
35,d18276s102i1
35,d18276s102i2
35,d18276s102i3
35,d18276s102i4
35,d18276s102i5
35,d18276s102i6
35,d18276s102i7
35,d18276s102i8
35,d18276s102i10
35,d18276s102i14
35,d18276s101i10
35,d18276s101i11
35,d18276s101i12
35,d18276s101i13
35,d18276s101i14
35,d18276s101i1
35,d18276s101i2
35,d18276s101i3
35,d18276s101i4
35,d18276s101i5
35,d18276s101i6
35,d18276s101i7
35,d18276s101i8
35,d18276s101i9
72,d18276s100i10
72,d18276s100i1
72,d18276s100i2
72,d18276s100i3
72,d18276s100i4
72,d18276s100i5
72,d18276s100i8
72,d18276s100i9
3,d16558s5i17
3,d16558s1i5
1,d18908s6i3
1,d18493s171i3
28,d18493s35i6
3,3910s42i1
3,3910s20i14
3,3910s20i13
3,3910s20i8
3,d18954s3i5
3,d18954s2i9
3,d17985s9i33
3,d18213s15i6
3,d16169s10i57
3,d16169s10i47
3,d16169s10i5
3,d16169s10i3
12,d16165s17i1
12,d16165s13i22
12,d16165s13i21
38,d16165s4i2
3,d16164s44i1
38,d16164s10i2
38,d16160s9i2
3,d16154s19i25
3,d16148s10i12
3,d16148s10i6
3,d16148s10i1
70,d16148s68i1
38,d16148s64i9
38,d16148s19i2
25,d18213s2i9
3,d17985s9i22
7,d17278s4i4
38,d17279s10i1
69,d18166s32i1
4,d17678s36i2
73,d17678s22i7
9,d18877s13i1
8,d18877s5i3
6,d18877s2i3
6,d18877s2i4
69,d17551s38i14
4,d17311s15i10
38,d17677s24i9
3,d17678s15i84
3,d18435s7i12
3,d18743s6i60
3,d17676s5i44
3,d17676s4i11
3,d17676s4i4
3,d18742s49i2
3,d18021s36i2
3,d18780s6i2
32,d18767s9i9
9,d18767s7i2
3,d18767s11i11
3,d18767s11i25
3,d18156s9i34
3,d18156s9i54
3,d18156s9i70
3,d18156s5i8
3,d18156s14i43
3,d18156s14i100
3,d18156s12i55
3,d18156s11i17
74,d16737s9i8
74,d16737s9i8
75,d16737s7i6
55,d16737s4i1
25,d16737s26i6
62,d16737s22i6
62,d16737s22i6
76,d16737s19i6
62,d16737s16i3
62,d16737s16i8
3,d18140s12i1
63,d16754s7i3
63,d16754s4i3
77,d16754s30i3
78,d16754s23i7
57,d16754s17i2
57,d16754s17i3
63,d16754s15i3
63,d16754s15i12
79,d16754s10i9
59,d16753s7i1
59,d16753s13i15
59,d16753s13i15
75,d16752s5i9
75,d16752s5i9
80,d16752s21i1
80,d16752s21i1
35,d16750s12i1
35,d16750s10i1
81,d16749s9i1
74,d16749s3i20
25,d16749s15i5
79,d16748s7i5
76,d16737s21i3
3,d18232s16i8
6,d18232s12i3
28,4303s5i4
4,d17312s2i50
3,d17676s4i3
3,d18049s8i75
1,d18161s19i5
3,d18164s18i11
69,d18166s4i5
69,d18166s4i2
3,d18169s4i18
3,d18174s7i7
7,d18180s18i12
79,d16746s5i8
79,d16746s5i8
82,d16746s29i1
83,d16746s27i1
55,d16746s17i1
55,d16746s17i1
75,d16745s66i3
83,d16743s30i3
83,d16743s30i21
83,d16743s30i50
83,d16743s30i3
84,d16743s23i5
84,d16743s23i5
74,d16742s3i8
74,d16742s21i21
59,d16742s17i52
59,d16742s11i20
84,d16741s7i7
79,d16740s24i3
79,d16740s24i4
74,d16738s5i1
75,d16738s4i5
22,d17562s31i9
41,d17562s6i3
23,d17562s8i1
20,d17560s3i14
69,d17551s38i15
69,d17551s33i4
59,d16504s4i4
71,d18595s3i1
71,d18595s3i2
71,d18595s3i3
26,d18595s2i1
26,d18595s2i11
26,d18595s2i12
28,d18493s23i7
1,d16556s52i4
3,d16556s48i6
1,d16556s47i1
1,d16556s30i29
1,d16556s30i28
1,d16556s30i26
1,d16556s30i24
1,d16556s30i23
1,d16556s30i22
1,d16556s9i1
1,d16556s2i1
1,d16548s27i2
1,d16548s27i1
33,d16257s33i4
3,d18674s108i35
28,d18674s66i4
3,d16274s4i39
36,d18309s57i15
85,d18309s56i5
47,d18309s52i1
47,d18309s52i2
47,d18309s52i3
47,d18309s52i4
47,d18309s52i5
34,d18309s5i8
34,d18309s5i9
34,d18309s5i10
34,d18309s5i11
34,d18309s5i20
34,d18309s5i4
34,d18309s5i5
34,d18309s5i6
34,d18309s5i7
34,d18309s35i1
34,d18309s14i7
34,d18309s14i1
34,d18309s14i2
34,d18309s14i3
34,d18309s14i4
34,d18309s14i5
34,d18309s14i6
35,d18309s115i4
35,d18309s115i5
35,d18309s115i6
35,d18309s115i7
35,d18309s115i8
35,d18309s115i9
35,d18309s115i10
35,d18309s115i11
35,d18309s115i1
35,d18309s115i1
35,d18309s115i2
35,d18309s115i2
35,d18309s115i3
35,d18309s115i3
34,d18309s114i40
34,d18309s114i41
34,d18309s114i42
34,d18309s114i43
34,d18309s114i15
34,d18309s114i16
34,d18309s114i17
34,d18309s114i18
34,d18309s114i17
34,d18309s114i19
34,d18309s114i20
34,d18309s114i19
34,d18309s114i21
34,d18309s114i22
34,d18309s114i21
34,d18309s114i23
34,d18309s114i24
34,d18309s114i25
34,d18309s114i26
34,d18309s114i27
34,d18309s114i23
34,d18309s114i28
34,d18309s114i29
34,d18309s114i30
34,d18309s114i31
34,d18309s114i28
34,d18309s114i32
34,d18309s114i33
34,d18309s114i34
34,d18309s114i35
34,d18309s114i36
34,d18309s114i37
34,d18309s114i38
34,d18309s114i39
34,d18309s114i32
34,d18309s114i8
34,d18309s114i9
34,d18309s114i10
34,d18309s114i11
34,d18309s114i11
34,d18309s114i12
34,d18309s114i13
34,d18309s114i14
34,d18309s114i12
47,d18309s111i2
47,d18309s111i3
47,d18309s111i4
47,d18309s111i5
47,d18309s111i6
47,d18309s111i7
47,d18309s111i5
5,d18219s40i4
3,d18219s37i35
7,d18219s11i4
34,d18309s130i2
34,d18309s130i3
34,d18309s130i4
35,d18309s109i1
35,d18309s109i2
35,d18309s109i3
35,d18309s109i4
35,d18309s109i5
35,d18309s109i3
35,d18309s109i6
35,d18309s109i7
35,d18309s109i6
34,d18309s108i1
34,d18309s108i2
34,d18309s108i3
34,d18309s108i4
34,d18309s108i5
34,d18309s108i4
34,d18309s108i6
34,d18309s108i6
34,d18309s107i2
34,d18309s107i2
34,d18309s107i3
34,d18309s107i4
34,d18309s107i5
34,d18309s107i3
34,d18309s107i6
34,d18309s107i7
34,d18309s107i11
34,d18309s107i6
35,d18309s103i1
35,d18309s103i2
35,d18309s103i3
35,d18309s103i3
35,d18309s103i4
35,d18309s103i5
35,d18309s103i4
7,d18673s19i3
6,d18673s3i17
6,d18673s3i5
6,d18673s3i3
28,d18723s25i9
7,d18723s14i39
7,d18723s14i31
6,d18708s7i7
6,d18708s7i3
6,d18708s7i2
1,d18701s10i2
3,d18701s4i10
1,d16408s7i7
6,d18694s31i2
4,d18213s14i2
4,d18213s14i4
55,d17171s31i10
55,d17171s31i9
55,d17171s31i8
55,d17171s31i7
55,d17171s31i6
55,d17171s31i5
55,d17171s31i4
55,d17171s31i3
55,d17171s31i2
55,d17171s12i4
55,d17171s12i3
55,d17171s12i2
55,d17171s12i1
86,d17171s4i1
86,d17171s3i25
86,d17171s3i55
61,d17170s164i9
61,d17170s164i3
61,d17170s164i2
61,d17170s164i1
55,d17170s106i7
55,d17170s106i6
55,d17170s106i5
55,d17170s106i4
55,d17170s102i5
55,d17170s102i4
55,d17170s102i3
55,d17170s102i2
55,d17170s102i1
55,d17170s97i1
55,d17170s105i7
55,d17170s106i3
55,d17170s105i6
87,d17170s52i2
87,d17170s52i1
86,d17170s49i7
86,d17170s49i1
88,d17170s28i3
88,d17170s19i6
88,d17170s19i5
89,d18475s29i2
90,d18472s11i1
3,d18472s9i5
3,d18472s9i1
6,d17931s8i5
38,d18601s26i3
38,d18601s10i3
3,d18601s8i6
3,d18530s43i9
38,d18530s7i12
38,d18530s7i15
3,d18529s12i12
3,d17925s25i5
1,d18689s6i7
47,d18759s2i12
47,d18759s2i11
47,d18759s2i10
47,d18759s2i8
47,d18759s2i7
47,d18759s2i6
47,d18759s2i5
47,d18759s2i4
47,d18759s2i3
47,d18759s2i2
47,d18759s2i1
28,4091s2i3
47,d17818s2i12
47,d17818s2i11
47,d17818s2i10
47,d17818s2i9
47,d17818s2i8
47,d17818s2i7
47,d17818s2i6
47,d17818s2i5
47,d17818s2i4
47,d17818s2i2
47,d17818s2i3
47,d17818s2i1
65,d18452s1966i4
34,d18295s40i4
34,d18295s26i3
34,d18295s23i5
34,d18295s23i4
34,d18295s15i4
34,d18295s15i3
36,d18295s3i29
36,d18295s3i3
5,d18171s7i1
5,d18171s6i5
91,d18290s124i4
34,d18398s11i36
34,d18398s11i35
35,d17753s279i5
35,d17753s279i4
35,d17753s279i3
32,d17753s541i5
34,d18315s105i12
34,d18315s105i13
34,d18315s105i14
34,d18315s105i15
34,d18315s105i16
34,d18315s105i17
34,d18315s105i18
34,d18315s105i19
34,d18315s105i20
36,d18315s64i4
92,d18315s4i2
92,d18315s4i3
92,d18315s4i4
65,d18573s12i1
36,d18290s61i40
36,d18290s41i20
91,d18335s11i10
91,d18335s11i9
33,d18724s43i1
33,d18724s30i1
8,d18724s26i34
7,d18724s18i1
3,d18724s14i2
3,d18724s10i1
6,d18708s7i9
39,d18697s16i17
93,d18398s9i2
93,d18398s9i7
34,d18398s11i37
34,d18398s11i1
34,d18398s11i2
34,d18398s11i4
34,d18398s11i7
34,d18398s11i12
34,d18398s11i17
34,d18398s11i20
34,d18398s11i21
34,d18398s11i22
28,d17662s99i2
7,d17662s27i7
4,d17312s2i52
4,d17312s2i7
35,d17753s135i4
35,d17753s135i3
35,d17753s135i2
35,d17753s593i3
35,d17753s593i4
35,d17753s593i5
35,d17753s593i6
35,d17753s593i7
35,d17753s593i8
35,d17753s593i9
35,d17753s593i10
35,d17753s593i11
36,d18576s11i11
36,d18576s11i7
34,d18454s36i4
34,d18454s36i3
34,d18454s36i2
34,d18453s47i5
34,d18453s47i4
34,d18453s47i3
36,d18449s22i8
3,d18004s8i68
3,d17974s44i19
1,d18746s2i1
1,d18746s2i2
1,d18746s1i1
38,d18743s26i4
38,d18742s64i1
26,d18742s60i1
3,d18742s49i16
3,d18741s42i50
38,d18741s16i9
28,d17941s8i4
9,d17941s7i5
5,d17941s6i4
4,d17941s2i33
4,d17941s2i13
1,d17878s7i4
3,d15990s1i47
33,d16277s33i2
4,d18649s7i37
94,d18649s54i7
4,d18649s4i5
4,d18649s3i3
4,d18649s25i51
4,d18649s18i20
4,d18649s17i9
4,d18649s12i39
4,d18649s11i34
3,d17678s4i6
73,d17678s31i5
73,d17678s30i1
73,d17678s30i2
73,d17678s25i4
73,d17678s22i4
73,d17678s22i10
73,d17678s22i13
3,d17676s1i17
3,d17348s2i80
28,d17348s11i3
1,d15980s5i2
5,d15968s4i4
5,d15968s4i1
5,d15968s3i1
28,4301s13i1
3,d17038s169i1
1,d17038s69i7
1,d17038s7i5
3,d18681s9i5
1,d18679s20i2
3,d18670s7i1
3,d18733s27i5
3,d18733s27i4
4,d17677s38i1
38,d17677s24i10
95,d18396s2i2
9,d18545s46i1
1,d17421s57i9
7,d17421s33i3
1,d17421s27i1
1,d17421s25i4
1,d17421s23i3
1,d17421s11i40
1,d17421s11i35
1,d17421s11i33
1,d17421s11i24
1,d17421s11i18
1,d17421s11i5
1,d17421s8i10
1,d18661s20i3
1,d18661s20i1
3,d18681s9i4
3,d16419s8i1
3,d18483s15i16
3,d18483s4i17
3,d18442s21i12
3,d18442s21i14
96,d18259s73i1
3,d18259s67i1
38,d18259s32i6
4,d18259s21i14
4,d18259s21i11
4,d18259s21i10
4,d18259s6i22
4,d17357s2i28
3,d17338s2i9
28,d18419s22i1
28,d18419s18i1
3,d18419s17i17
33,d18419s3i1
70,d17661s154i2
3,d17661s136i14
3,d17661s120i8
3,d17661s120i9
3,d17661s120i10
70,d17661s62i1
6,d17661s41i1
3,d17578s5i7
90,d17342s32i7
90,d17342s31i2
90,d17342s30i2
90,d17342s27i5
28,d17342s59i1
28,d17342s56i1
90,d17342s51i1
95,d17342s57i5
95,d17342s54i2
28,d17342s45i1
10,d17342s26i2
8,d17342s20i2
90,d17342s17i1
90,d17342s9i5
3,d17342s3i2
10,d17342s2i6
4,d18428s19i13
4,d18428s17i23
4,d18428s9i60
38,d18425s42i11
38,d18425s42i4
1,d18661s53i4
7,d18619s7i23
9,d18423s18i1
1,d16419s7i1
65,d18244s17i8
65,d18244s16i3
65,d18244s16i5
8,d17761s18i18
8,d17761s18i15
6,d17672s45i2
4,d17672s22i4
4,d17672s22i5
10,d17672s21i4
10,d17672s21i5
5,d17672s16i2
21,d17658s18i7
21,d17658s18i3
12,d17657s29i6
12,d17657s29i2
4,d17657s2i35
9,d17656s44i1
9,d17656s43i1
28,d17656s39i8
28,d17656s36i12
28,d17656s17i6
28,d17656s17i2
4,d17656s10i3
3,d18416s74i2
6,d17654s8i6
38,d17654s4i3
4,d17548s68i5
38,d17547s17i2
3,d17546s10i10
69,d17369s9i2
3,d17360s2i18
3,d17339s42i63
1,d17339s26i1
3,d18542s46i2
3,d17970s5i49
3,d17970s5i55
3,d17970s16i5
3,4286s4i30
3,4286s13i1
3,d18415s33i15
38,d18415s5i3
28,d17918s1i9
3,d17918s55i14
3,d17918s31i57
97,d17918s12i1
65,d17918s8i9
3,d17722s16i4
4,d17648s4i6
7,d17341s35i1
7,4098s2i15
12,d18180s19i1
7,d18180s18i11
4,d18179s2i13
3,d18419s17i18
3,d18417s27i7
3,d18417s20i5
3,d18417s20i7
3,d17346s80i32
1,d18662s7i1
3,d18610s6i2
79,d16491s5i2
38,d18605s20i3
70,d18608s28i4
7,d16801s172i3
59,d16506s20i20
59,d16506s20i23
84,d16505s8i4
84,d16505s8i10
84,d16505s4i26
84,d16505s4i69
84,d16505s4i72
84,d16505s4i85
59,d16505s36i2
98,d16505s327i3
84,d16505s26i1
84,d16505s23i10
84,d16505s2i4
74,d16505s15i1
84,d16505s13i5
7,d17649s48i1
70,d17649s42i8
70,d17649s42i1
8,d17649s37i1
3,d17649s18i1
1,d17649s14i1
99,d18270s74i22
99,d18270s74i14
99,d18270s74i15
99,d18270s74i13
99,d18270s74i21
99,d18270s74i9
99,d18270s74i5
99,d18270s64i99
99,d18270s64i51
99,d18270s64i31
99,d18270s64i12
99,d18270s64i15
99,d18270s64i17
100,d18270s46i34
93,d18373s23i4
93,d18373s23i2
100,d18270s11i8
3,d18608s47i11
3,d18608s47i12
3,d17930s12i1
3,d17930s12i3
7,d17930s9i1
6,d17930s4i4
1,d18569s3i1
3,d17338s2i7
3,d17344s8i20
3,d17548s57i54
3,d17548s57i45
3,d17548s43i68
28,d17656s70i1
3,d17656s62i9
95,d17656s53i2
28,d17656s39i7
4,d17656s22i94
4,d17656s22i71
4,d17761s19i10
3,d17761s15i37
4,d17762s6i22
3,d18111s8i12
3,d18111s26i4
4,d18110s6i1
4,d18110s6i2
4,d18110s6i3
4,d18110s6i5
59,d16504s4i3
101,d18550s55i17
54,d18564s28i1
21,d18563s33i1
21,d18563s8i1
3,d18424s4i13
3,d17722s15i10
3,d18416s20i2
90,d18604s27i9
39,d18605s2i1
3,d18167s7i14
3,d18167s7i13
3,d18167s7i11
3,d18158s17i14
3,d18158s4i6
3,d18157s20i33
3,d18135s7i2
3,d18135s7i6
3,d18135s7i7
3,d18135s7i8
28,d18015s4i1
3,d18002s3i32
3,d17974s5i7
9,d18608s80i1
9,d18608s80i2
9,d18608s80i3
70,d18608s28i5
70,d18608s27i1
38,d18605s97i3
38,d18605s112i3
99,d18270s74i19
1,d16275s66i1
1,d18566s96i1
1,d18565s9i1
1,d18565s9i2
1,d18565s9i5
47,d18347s15i10
47,d18347s15i9
47,d18347s15i8
47,d18347s15i7
47,d18347s15i6
93,d18375s2i4
93,d18375s2i3
35,d18267s55i27
100,d18267s47i1
34,d18267s24i9
34,d18267s24i10
34,d18267s21i3
99,d18267s12i10
102,d18277s19i2
102,d18277s19i4
100,d18327s9i13
100,d18327s9i12
100,d18327s2i9
27,d18339s9i2
3,d17346s78i153
3,d17346s102i13
100,d18275s9i69
35,d18275s66i1
35,d18275s66i2
35,d18275s66i3
35,d18275s66i4
35,d18275s66i5
35,d18275s66i6
35,d18275s66i7
35,d18275s66i8
35,d18275s66i9
35,d18275s66i10
35,d18275s66i11
35,d18275s66i12
100,d18275s61i1
100,d18275s61i2
93,d18373s23i1
47,d18345s6i1
47,d18345s3i1
47,d18345s3i2
47,d18345s3i3
47,d18345s3i4
47,d18345s3i5
35,d18272s88i1
35,d18272s88i2
35,d18272s88i3
35,d18272s88i4
35,d18272s88i5
35,d18272s88i6
35,d18272s88i7
34,d18272s47i1
34,d18272s47i2
34,d18272s47i3
34,d18272s47i4
34,d18272s47i5
34,d18272s47i8
34,d18272s47i9
34,d18272s47i10
34,d18272s47i11
34,d18272s47i12
99,d18270s73i18
99,d18270s73i19
99,d18270s73i1
99,d18270s73i2
99,d18270s73i3
99,d18270s73i4
99,d18270s73i5
99,d18270s73i6
99,d18270s73i7
99,d18270s73i8
99,d18270s73i9
99,d18270s73i10
99,d18270s73i11
99,d18270s73i12
99,d18270s73i13
99,d18270s73i16
99,d18270s73i17
100,d18270s11i6
100,d18270s11i7
100,d18270s11i9
100,d18270s11i10
100,d18270s11i11
3,d18004s8i20
3,d18004s8i51
4,d18004s7i1
3,d18004s6i18
3,d18004s3i9
59,d16503s3i33
59,d16503s3i5
74,d16502s7i6
77,d16500s68i1
84,d16500s63i2
103,d16500s53i1
104,d16499s8i18
82,d16498s9i1
76,d16497s14i5
105,d16491s31i2
106,d16491s14i11
104,d16490s15i3
107,d18361s3i11
12,d16277s30i1
12,d16277s31i5
33,d16266s78i1
3,d17363s1i8
4,d17358s1i4
3,d16265s25i33
33,d16241s52i1
4,d17358s3i66
4,d17358s3i1
3,d18440s8i1
6,d18209s2i4
3,d18018s25i1
3,d18018s24i7
3,d18018s23i17
3,d18018s22i2
3,d18018s20i6
3,d18016s2i2
3,d18016s2i3
92,d18299s5i3
92,d18299s5i4
85,d18299s2i1
85,d18316s15i2
85,d18316s13i13
85,d18316s13i17
85,d18316s10i16
85,d18316s4i5
36,d18341s3i23
36,d18341s3i22
107,d18343s20i23
107,d18343s20i22
36,d18343s8i16
36,d18343s8i12
36,d18343s8i11
36,d18343s8i8
91,d18359s7i2
91,d18359s6i54
91,d18359s6i53
91,d18359s5i7
91,d18359s5i1
107,d18361s3i5
93,d18385s6i31
47,d18343s9i1
47,d18343s9i2
47,d18343s9i3
47,d18343s9i4
34,d18321s7i1
35,d18321s10i1
35,d18321s10i2
35,d18321s10i3
35,d18321s10i4
35,d18321s10i5
35,d18321s10i6
34,d18310s12i4
34,d18310s12i5
34,d18310s12i1
34,d18310s12i2
34,d18310s12i3
35,d18299s4i1
35,d18299s4i2
35,d18299s4i3
35,d18299s4i4
35,d18299s4i5
35,d18299s4i6
35,d18299s4i7
35,d18299s4i8
35,d18299s4i9
35,d18299s4i10
35,d18295s8i1
35,d18295s8i2
35,d18295s8i3
35,d18295s8i4
35,d18295s8i5
34,d18295s40i1
34,d18295s40i2
35,d18295s32i14
35,d18295s32i15
35,d18295s32i16
35,d18295s32i17
35,d18295s32i18
35,d18295s32i19
35,d18295s32i20
35,d18295s32i21
35,d18295s32i1
35,d18295s32i2
35,d18295s32i3
35,d18295s32i4
35,d18295s32i5
35,d18295s32i6
35,d18295s32i7
35,d18295s32i8
35,d18295s32i9
35,d18295s32i10
35,d18295s32i11
35,d18295s32i12
35,d18295s32i13
34,d18295s31i1
34,d18295s30i1
34,d18295s30i2
34,d18295s30i3
34,d18295s30i4
34,d18295s29i1
34,d18295s29i2
34,d18295s29i3
34,d18295s29i4
34,d18295s29i5
34,d18295s27i1
34,d18295s27i2
34,d18295s27i3
34,d18295s27i4
34,d18295s26i2
35,d18295s24i1
35,d18295s24i2
35,d18295s24i3
35,d18295s24i4
34,d18295s23i2
34,d18295s23i3
35,d18295s16i1
35,d18295s16i2
35,d18295s16i3
35,d18295s16i4
35,d18295s16i5
35,d18295s16i6
35,d18295s16i7
35,d18295s16i8
34,d18295s15i2
34,d18295s14i2
34,d18295s14i3
34,d18295s14i4
34,d18295s14i5
34,d18295s14i6
34,d18295s14i7
34,d18295s14i8
34,d18295s14i9
34,d18295s14i10
34,d18295s14i11
34,d18295s13i5
34,d18295s13i6
34,d18295s13i7
34,d18295s13i8
34,d18295s13i9
34,d18295s13i10
34,d18295s13i11
34,d18295s13i12
34,d18295s13i13
34,d18295s13i14
34,d18295s13i15
34,d18295s13i1
34,d18295s13i2
34,d18295s13i3
34,d18295s13i4
108,d17302s33i2
108,d17438s5i3
43,d16343s14i1
109,d18267s6i3
109,d18267s6i2
34,d18267s5i5
34,d18267s5i4
34,d18267s5i1
34,d18266s10i7
34,d18266s10i6
34,d18266s10i5
34,d18266s7i5
34,d18266s7i2
36,d18266s3i7
101,d17413s110i1
21,d17301s36i1
101,d17301s31i1
20,d18571s13i6
20,d18571s3i7
20,d18571s3i1
20,d17913s7i4
20,d17913s6i9
20,d17913s5i1
20,d17913s5i2
110,d18367s4i5
91,d18337s5i63
91,d18337s5i103
35,d18323s5i1
35,d18323s5i2
35,d18323s5i3
35,d18323s5i4
35,d18323s5i5
35,d18267s55i13
35,d18267s55i14
35,d18267s55i15
35,d18267s55i16
35,d18267s55i17
35,d18267s55i21
35,d18267s55i22
35,d18267s55i23
35,d18267s55i24
35,d18267s55i25
35,d18267s55i26
35,d18267s55i28
35,d18267s55i29
35,d18267s55i30
35,d18267s55i2
35,d18267s55i3
35,d18267s54i1
35,d18267s54i2
35,d18267s54i3
35,d18267s54i4
35,d18267s54i5
35,d18267s54i6
35,d18267s54i7
35,d18267s54i11
35,d18267s54i16
35,d18267s52i1
35,d18267s52i2
35,d18267s52i3
35,d18267s52i4
35,d18267s52i5
35,d18267s52i6
35,d18267s52i7
35,d18267s52i8
35,d18267s52i9
35,d18267s52i10
35,d18267s52i11
35,d18267s52i12
35,d18267s52i13
35,d18266s2i5
35,d18266s2i6
35,d18266s2i7
35,d18266s2i8
35,d18266s2i9
35,d18266s2i10
35,d18266s2i11
35,d18266s2i12
35,d18266s2i13
35,d18266s2i14
35,d18266s2i15
35,d18266s2i16
35,d18266s2i17
35,d18266s2i18
35,d18266s2i19
35,d18266s2i20
35,d18266s2i1
35,d18266s2i2
35,d18266s2i3
35,d18266s2i4
1,d18476s127i3
1,d18476s120i3
1,d18476s120i2
1,d18476s61i2
6,d18476s56i2
3,d17929s11i75
3,d17929s11i26
3,d17929s11i14
21,d17929s9i1
21,d17929s8i4
3,d17929s5i6
5,d17145s11i5
5,d17145s11i3
6,d17145s4i6
20,d17145s1i22
20,d17145s1i21
20,d17145s1i19
20,d17145s1i11
20,d17145s1i5
20,d17145s1i2
3,d15769s9i41
3,d15769s9i49
7,d18469s251i22
3,d18469s247i5
28,d18538s68i1
95,d18538s64i1
28,d18538s41i5
5,d18538s14i1
5,d17421s81i12
5,d18538s46i1
6,d17635s43i3
6,d17635s28i3
6,d17635s22i1
3,d18428s51i32
3,d18428s51i34
3,d18428s51i59
3,d18428s51i67
3,d18152s16i11
3,d17628s44i1
3,d17612s3i1
3,d17425s3i32
3,d17425s3i29
1,d17423s14i6
1,d17423s13i2
6,d17628s50i1
3,d17628s4i2
3,d17868s14i1
9,d18427s23i9
70,d18427s19i1
7,d18422s13i4
39,d18421s5i3
7,d18411s46i6
7,d18411s26i1
4,d18411s3i6
12,d17849s49i4
3,d17747s5i5
6,d17723s295i3
28,d17723s273i1
7,d17723s246i6
6,d17723s195i2
6,d17723s195i1
1,d17723s136i2
28,d17723s115i2
7,d17723s98i1
4,d17679s15i6
4,d17679s15i4
4,d17679s6i15
4,d17679s6i8
4,d17679s6i11
67,d17674s20i1
78,d17674s12i2
7,d17673s2i2
1,d17667s49i1
6,d17667s42i9
1,d17667s30i2
3,d17667s15i5
6,d17667s12i6
1,d17667s3i2
9,d17666s25i6
9,d17666s11i3
9,d17666s7i4
7,d17666s6i1
9,d17653s82i1
6,d17653s42i13
6,d17653s42i7
6,d17653s42i5
6,d17653s42i2
6,d17653s14i10
69,d17653s13i1
1,d17653s12i2
7,d17653s3i1
7,d17652s50i2
9,d17652s39i3
3,d17652s15i5
65,d17642s2i5
65,d17642s2i7
12,d17586s49i8
7,d17104s121i2
7,d17585s78i3
4,d17585s44i5
7,d17585s28i14
9,d17584s26i3
32,d17584s9i1
7,d17584s7i10
7,d17584s7i1
6,d17584s4i1
9,d17584s3i1
28,d17105s46i6
28,d17105s46i9
9,d17105s38i1
9,d17105s24i11
7,d17105s10i7
3,d17104s36i4
36,d18448s32i2
36,d18448s29i11
38,d18469s42i2
36,d18449s22i5
100,d18272s9i1
4,d17101s14i4
4,d17101s14i3
111,d18448s54i1
36,d18448s32i3
1,d17101s6i1
36,d18448s29i9
36,d18448s29i7
36,d18448s29i6
36,d18448s29i3
111,d18448s61i4
111,d18448s61i2
111,d18448s61i3
72,d18446s351i32
72,d18446s351i31
72,d18446s351i30
72,d18446s351i29
72,d18446s351i28
72,d18446s351i27
72,d18446s351i26
72,d18446s351i25
72,d18446s351i24
72,d18446s351i23
72,d18446s351i22
72,d18446s351i21
72,d18446s351i20
72,d18446s351i19
48,d18445s26i1
107,d18445s24i3
107,d18445s4i14
107,d18445s3i6
107,d18445s2i21
92,d18307s7i7
92,d18307s7i6
92,d18307s7i5
92,d18307s7i4
92,d18307s7i3
92,d18307s7i2
92,d18307s7i1
99,d18307s3i11
99,d18307s3i5
35,d17774s52i12
35,d17774s52i11
35,d17774s52i10
35,d17774s52i9
35,d17774s52i8
35,d17774s52i7
35,d17774s52i6
35,d17774s52i5
35,d17774s52i4
35,d17774s52i3
35,d17774s50i15
35,d17774s50i14
35,d17774s50i13
35,d17774s50i12
35,d17774s50i11
35,d17774s50i10
35,d17774s50i9
35,d17774s50i8
35,d17774s50i7
35,d17774s50i6
35,d17774s50i5
91,d17774s46i48
91,d17774s46i46
91,d17774s45i25
91,d17774s42i80
91,d17774s42i5
112,d18452s5i2
110,d18456s88i1
95,d18456s55i1
110,d18456s51i3
110,d18456s39i68
110,d18456s38i7
110,d18456s3i3
3,d17976s6i15
3,d17976s12i12
3,d17976s10i35
3,d17974s44i7
27,d18338s87i6
107,d17807s5i6
107,d17807s5i7
85,d18450s15i1
65,d18003s8i1
3,d18003s7i3
3,d18002s3i14
3,d18002s3i26
7,d18002s2i6
36,d18444s134i18
107,d18444s126i4
27,d17807s3i1
107,d17808s5i9
107,d17808s5i7
72,d18443s274i23
72,d18443s274i22
72,d18443s274i21
72,d18443s274i20
72,d18443s274i11
72,d18443s274i5
72,d18443s274i6
72,d18443s274i7
72,d18443s274i8
72,d18443s274i9
72,d18443s274i10
107,d18355s3i12
72,d18276s100i11
93,d18457s8i17
93,d18457s8i18
27,d17803s3i8
36,d17803s5i72
27,d18340s3i23
27,d18340s3i18
27,d18340s3i9
27,d18340s3i4
27,d18340s3i3
34,d17774s134i7
34,d17774s134i6
34,d17774s134i5
34,d17774s126i5
34,d17774s126i6
34,d17774s126i7
34,d17774s126i8
34,d17774s126i9
34,d17774s126i10
34,d17774s126i11
34,d17774s126i12
34,d17774s126i13
36,d17774s149i14
36,d17774s149i5
36,d17774s113i10
36,d17774s113i9
34,d17774s75i8
34,d17774s75i7
34,d17774s75i6
34,d17774s75i5
34,d17774s75i4
34,d17774s75i3
34,d17774s34i4
34,d17774s34i3
34,d17774s34i2
35,d17774s12i17
35,d17774s12i16
35,d17774s12i15
35,d17774s12i14
35,d17774s12i13
35,d17774s12i12
35,d17774s12i11
3,d17097s7i9
3,d17095s2i48
3,d17094s14i7
3,d17094s13i3
3,d17094s9i11
27,d18326s9i3
27,d18326s4i8
107,d18342s6i5
27,d18342s2i2
107,d18348s26i7
107,d18348s17i56
107,d18348s17i47
107,d18348s17i8
107,d18348s7i4
107,d18348s5i26
107,d18348s5i29
107,d18348s6i1
113,d18374s136i31
12,d17089s33i1
9,d17086s26i3
5,d17086s9i11
28,d17086s3i3
114,d17611s27i6
114,d17611s13i18
114,d17611s12i3
93,d18457s8i1
72,d18446s351i7
72,d18446s351i8
72,d18446s351i9
72,d18446s351i10
72,d18446s351i11
72,d18446s351i12
72,d18446s351i13
72,d18446s351i14
72,d18446s351i15
72,d18446s351i16
72,d18443s274i19
100,d18271s78i2
115,d18271s109i2
35,d18271s111i25
36,d17797s14i11
36,d17797s14i13
36,d17797s14i12
92,d18271s41i4
92,d18271s41i3
34,d18271s29i15
35,d18271s7i16
35,d18271s7i18
35,d18271s7i17
27,d18326s9i4
27,d18326s4i9
65,d17794s9i3
65,d17794s9i4
65,d17794s9i5
90,d17794s6i5
85,d17794s3i3
36,d18300s5i33
36,d18300s5i10
28,d17084s4i7
7,d17079s11i13
3,d16149s159i20
3,d16149s135i38
3,d16149s118i22
3,d16149s115i4
12,d16149s94i1
12,d16149s89i4
38,d16149s68i2
3,d16149s61i10
3,d16149s58i56
12,d16149s52i6
28,d17341s83i3
3,d17341s23i78
7,d17341s10i11
3,d17334s4i1
3,d17313s4i13
35,d18283s4i20
35,d18283s4i1
35,d18283s4i2
35,d18283s4i3
35,d18283s4i4
35,d18283s4i5
35,d18283s4i6
35,d18283s4i7
35,d18283s4i8
35,d18283s4i9
35,d18283s4i10
35,d18283s4i16
35,d18283s4i17
35,d18283s4i18
35,d18283s4i19
38,d16149s68i4
3,d16149s61i9
12,d16149s47i1
3,d16149s18i63
12,d16149s111i13
35,d17770s138i2
35,d17770s113i6
35,d17770s113i7
35,d17770s33i5
35,d17774s12i18
114,d17870s200i1
114,d17870s160i1
26,d17332s7i3
1,d17316s5i5
5,d15777s9i3
3,d15777s7i14
4,d16120s5i3
3,d16117s14i1
3,d16117s11i2
4,d16112s14i1
8,d15991s12i9
3,d15989s2i43
65,d16058s7i1
92,d18315s95i1
92,d18315s95i2
47,d18315s94i1
47,d18315s94i2
47,d18315s94i3
35,d18315s93i1
35,d18315s93i2
35,d18315s93i3
35,d18315s93i4
34,d18315s92i1
34,d18315s92i2
34,d18315s92i3
34,d18315s91i9
34,d18315s91i10
34,d18315s91i11
34,d18315s91i12
34,d18315s91i13
34,d18315s91i6
34,d18315s91i7
34,d18315s91i8
34,d18315s9i1
34,d18315s9i2
34,d18315s9i3
34,d18315s9i4
34,d18315s89i1
34,d18315s89i2
34,d18315s89i3
35,d18315s88i1
35,d18315s88i2
35,d18315s88i3
35,d18315s88i4
47,d18315s50i2
47,d18315s50i3
47,d18315s50i1
34,d18315s38i1
34,d18315s105i10
34,d18315s105i11
92,d18304s8i6
92,d18304s8i7
92,d18304s8i8
92,d18304s8i9
92,d18304s8i10
92,d18304s8i1
92,d18304s8i2
92,d18304s8i3
92,d18304s8i4
92,d18304s8i5
92,d18304s6i2
92,d18304s6i3
92,d18304s6i4
92,d18304s6i5
92,d18304s6i6
92,d18304s6i7
36,d18304s10i59
36,d18289s47i23
36,d18289s2i56
36,d18289s2i91
6,d17641s33i1
3,d17641s23i1
34,d17829s26i3
34,d17786s90i2
35,d17782s48i15
35,d17782s48i16
90,d18358s78i3
27,d18340s3i24
27,d18328s13i6
91,d18328s12i31
91,d18328s12i9
116,d17776s7i10
116,d17776s7i8
117,d17776s6i5
39,d17753s9i5
65,d17640s3i3
110,d17814s31i37
110,d17814s30i3
110,d17814s10i5
27,d17800s6i2
47,d17800s5i1
93,d18376s4i6
93,d18376s4i9
34,d18271s98i1
34,d18271s98i2
34,d18271s98i3
34,d18271s98i4
35,d18271s89i6
35,d18271s89i1
35,d18271s89i2
35,d18271s89i3
35,d18271s89i4
35,d18271s89i5
47,d18271s86i1
47,d18271s86i2
34,d18271s82i3
34,d18271s82i4
34,d18271s82i6
34,d18271s82i7
34,d18271s82i11
34,d18271s82i12
34,d18271s82i13
34,d18271s82i14
34,d18271s82i15
34,d18271s81i16
34,d18271s81i17
34,d18271s81i18
34,d18271s81i19
34,d18271s81i20
34,d18271s81i21
34,d18271s81i26
34,d18271s81i27
34,d18271s81i28
34,d18271s81i29
34,d18271s81i30
34,d18271s81i31
34,d18271s81i32
34,d18271s81i33
34,d18271s81i34
34,d18271s81i1
34,d18271s81i2
34,d18271s81i3
34,d18271s81i4
34,d18271s81i5
34,d18271s81i6
34,d18271s81i7
34,d18271s81i8
34,d18271s81i9
34,d18271s81i10
34,d18271s81i11
34,d18271s81i12
34,d18271s81i13
34,d18271s81i14
34,d18271s81i15
34,d18271s74i2
34,d18271s74i3
34,d18271s74i4
34,d18271s74i5
34,d18271s74i6
34,d18271s74i7
34,d18271s74i8
35,d18271s7i19
35,d18271s7i20
34,d18271s67i2
34,d18271s67i3
34,d18271s67i4
34,d18271s67i5
34,d18271s67i6
34,d18271s67i7
34,d18271s67i8
34,d18271s67i9
34,d18271s67i10
34,d18271s67i11
34,d18271s67i12
34,d18271s67i13
34,d18271s67i14
34,d18271s67i15
34,d18271s67i16
34,d18271s67i17
34,d18271s66i3
34,d18271s66i4
34,d18271s66i1
34,d18271s66i2
34,d18271s65i2
34,d18271s65i3
34,d18271s65i4
34,d18271s65i5
34,d18271s65i6
34,d18271s64i3
34,d18271s64i4
34,d18271s64i5
34,d18271s64i1
34,d18271s64i2
34,d18271s47i1
34,d18271s47i2
34,d18271s47i3
34,d18271s47i4
34,d18271s42i1
34,d18271s42i2
34,d18271s42i3
34,d18271s42i4
34,d18271s42i5
34,d18271s42i6
34,d18271s42i7
34,d18271s42i8
34,d18271s42i9
34,d18271s42i10
34,d18271s42i13
34,d18271s42i14
34,d18271s42i15
34,d18271s42i16
34,d18271s42i17
34,d18271s42i22
34,d18271s42i23
34,d18271s42i24
34,d18271s42i25
92,d18271s41i2
92,d18271s41i5
35,d18271s32i1
35,d18271s32i2
35,d18271s32i3
35,d18271s32i4
35,d18271s32i5
35,d18271s32i6
35,d18271s32i7
35,d18271s32i8
35,d18271s32i9
35,d18271s32i10
34,d18271s29i3
34,d18271s29i4
34,d18271s29i5
34,d18271s29i6
34,d18271s29i16
92,d18271s20i1
92,d18271s20i2
92,d18271s20i3
92,d18271s20i4
35,d18271s115i6
35,d18271s115i9
35,d18271s111i12
35,d18271s110i11
34,d18271s103i1
35,d18271s102i9
35,d18271s102i10
35,d18271s102i2
35,d18271s102i3
35,d18271s102i4
35,d18271s102i5
35,d18271s102i6
35,d18271s102i7
35,d18271s102i8
3,d15755s29i1
3,d15755s16i14
3,d15755s10i9
3,d17664s24i1
34,d18384s25i1
34,d18384s25i2
34,d18384s25i3
34,d18384s25i4
34,d18384s25i5
34,d18384s25i6
34,d18384s25i7
34,d18384s25i8
93,d18376s4i10
93,d18374s24i6
93,d18374s24i13
93,d18374s24i1
93,d18374s24i4
48,d18372s35i1
26,d18364s12i5
35,d18358s53i1
35,d18358s53i2
35,d18358s53i3
35,d18358s53i4
35,d18358s53i5
47,d18350s8i1
47,d18350s8i2
47,d18344s72i7
47,d18344s72i8
47,d18344s72i1
47,d18344s72i2
47,d18344s72i3
47,d18344s72i4
47,d18344s72i5
47,d18344s72i6
47,d18338s88i4
47,d18338s88i5
47,d18338s88i6
47,d18338s88i7
47,d18338s88i8
47,d18338s88i9
47,d18338s88i10
47,d18338s88i11
47,d18338s88i1
47,d18338s88i2
47,d18338s88i3
47,d18338s21i4
47,d18338s21i5
47,d18338s21i6
47,d18338s21i7
47,d18338s21i1
47,d18338s21i2
47,d18338s21i3
47,d18338s11i4
47,d18338s11i5
47,d18338s11i6
47,d18338s11i7
47,d18338s11i8
47,d18334s5i1
47,d18334s5i2
47,d18334s5i3
47,d18334s5i4
47,d18334s5i5
47,d18334s5i6
47,d18334s5i7
47,d18334s5i8
47,d18334s5i9
47,d18334s5i10
27,d18332s46i1
34,d18332s38i1
34,d18332s38i2
34,d18332s38i3
34,d18332s38i4
34,d18332s38i5
34,d18332s38i6
27,d18332s16i3
27,d18332s13i4
35,d18328s9i2
35,d18328s9i3
35,d18328s9i4
35,d18328s9i5
35,d18328s9i6
35,d18328s9i7
35,d18328s9i8
35,d18328s9i9
35,d18328s9i10
35,d18328s9i11
35,d18328s9i12
35,d18328s9i13
35,d18328s9i14
35,d18328s9i15
35,d18328s9i1
118,d18328s4i1
118,d18328s4i2
118,d18328s4i3
118,d18328s4i4
118,d18328s4i5
35,d18328s11i1
34,d18302s99i1
34,d18302s99i2
34,d18302s99i3
34,d18302s99i4
34,d18302s99i5
34,d18302s98i1
34,d18302s98i2
34,d18302s98i3
34,d18302s98i4
34,d18302s98i5
34,d18302s97i1
34,d18302s97i2
47,d18302s96i1
47,d18302s96i2
47,d18302s96i3
47,d18302s96i4
47,d18302s96i5
34,d18302s95i1
34,d18302s95i2
34,d18302s95i3
34,d18302s95i4
34,d18302s95i5
34,d18302s95i6
34,d18302s93i7
34,d18302s93i8
34,d18302s93i1
34,d18302s93i2
34,d18302s93i3
34,d18302s93i4
34,d18302s93i5
35,d18302s88i1
35,d18302s88i2
35,d18302s88i3
35,d18302s88i4
35,d18302s88i5
35,d18302s88i6
35,d18302s88i7
35,d18302s88i8
35,d18302s88i9
35,d18302s88i10
35,d18302s88i11
35,d18302s88i12
35,d18302s63i1
35,d18302s63i2
35,d18302s63i3
35,d18302s63i4
35,d18302s63i5
35,d18302s63i6
35,d18302s63i7
35,d18302s63i8
35,d18302s63i9
35,d18302s63i10
47,d18302s56i1
47,d18302s56i2
47,d18302s56i3
47,d18302s56i4
47,d18302s56i5
47,d18302s56i6
47,d18302s56i7
47,d18302s56i8
47,d18302s56i9
47,d18302s56i10
34,d18302s48i1
34,d18302s48i2
34,d18302s122i1
34,d18302s122i2
34,d18302s122i3
34,d18302s122i5
34,d18302s122i6
34,d18302s122i11
34,d18302s121i1
34,d18302s121i2
34,d18302s121i3
34,d18302s121i4
34,d18302s121i5
34,d18302s120i1
34,d18302s120i2
34,d18302s120i3
34,d18302s120i4
34,d18302s120i5
35,d18302s105i1
35,d18302s105i2
35,d18302s105i3
35,d18302s105i4
35,d18302s105i5
35,d18302s105i6
35,d18302s105i7
34,d18302s104i1
34,d18302s104i2
34,d18302s104i3
34,d18302s104i4
34,d18302s104i5
35,d18302s101i1
35,d18302s101i2
34,d18302s100i1
34,d18302s100i2
34,d18302s100i3
34,d18298s99i7
34,d18298s99i8
34,d18298s99i9
34,d18298s99i10
34,d18298s99i4
34,d18298s99i5
34,d18298s99i6
34,d18298s98i3
34,d18298s98i4
34,d18298s98i5
34,d18298s98i6
34,d18298s98i7
34,d18298s98i8
34,d18298s98i9
34,d18298s98i10
35,d18298s97i1
34,d18298s96i2
34,d18298s96i3
34,d18298s96i4
34,d18298s96i5
34,d18298s93i2
34,d18298s93i3
34,d18298s93i4
34,d18298s93i5
34,d18298s92i1
34,d18298s92i2
34,d18298s92i4
34,d18298s92i5
34,d18298s92i6
34,d18298s92i7
34,d18298s92i8
34,d18298s92i9
34,d18298s91i1
34,d18298s91i3
34,d18298s91i4
34,d18298s91i5
34,d18298s9i2
34,d18298s9i3
34,d18298s9i4
34,d18298s9i5
34,d18298s80i1
34,d18298s79i2
34,d18298s79i3
34,d18298s79i4
34,d18298s79i5
35,d18298s78i1
35,d18298s78i2
35,d18298s78i3
35,d18298s78i4
35,d18298s78i5
35,d18298s78i6
35,d18298s78i7
35,d18298s78i8
35,d18298s64i1
35,d18298s64i2
35,d18298s64i4
35,d18298s64i5
35,d18298s64i6
34,d18298s51i1
34,d18298s34i1
34,d18298s34i2
34,d18298s34i3
34,d18298s34i4
34,d18298s34i5
36,d18298s22i11
34,d18298s21i2
34,d18298s21i3
34,d18298s21i4
34,d18298s21i5
34,d18298s21i6
34,d18298s21i7
35,d18298s19i1
35,d18298s19i2
35,d18298s19i3
35,d18298s19i4
35,d18298s19i5
35,d18298s19i6
35,d18298s19i7
35,d18298s19i8
35,d18298s19i9
35,d18298s12i1
35,d18298s12i2
35,d18298s12i3
35,d18298s12i4
35,d18298s12i5
34,d18298s112i5
34,d18298s112i6
34,d18298s112i1
34,d18298s112i2
34,d18298s112i3
34,d18298s112i4
35,d18298s100i3
35,d18298s100i4
35,d18298s100i5
35,d18298s100i6
35,d18298s100i7
35,d18298s100i8
35,d18298s100i9
35,d18298s100i10
35,d18298s100i11
35,d18298s100i1
35,d18298s100i2
119,d18264s11i2
119,d18264s11i3
119,d18264s11i4
119,d18264s11i5
119,d18264s11i6
119,d18264s11i7
119,d18264s11i8
119,d18264s11i1
72,d18260s25i1
72,d18260s25i2
72,d18260s25i3
72,d18260s25i4
72,d18260s25i5
72,d18260s25i6
72,d18260s25i7
72,d18260s25i8
72,d18260s25i9
72,d18260s25i10
85,d18260s21i5
107,d18342s6i6
47,d18342s5i1
47,d18342s5i2
47,d18342s5i3
47,d18342s5i4
47,d18342s5i5
47,d18342s5i6
47,d18342s5i7
47,d18342s5i8
47,d18342s5i9
47,d18342s5i10
47,d18342s5i11
34,d18302s8i1
34,d18302s8i2
34,d18302s8i3
34,d18302s8i4
34,d18302s8i5
34,d18302s8i6
34,d18302s8i7
34,d18302s8i8
34,d18302s8i9
34,d18302s8i10
34,d18302s7i1
34,d18302s7i2
34,d18302s7i3
34,d18302s7i4
34,d18302s7i5
34,d18302s14i7
34,d18302s14i1
34,d18302s14i2
34,d18302s14i3
34,d18302s14i4
34,d18281s7i1
34,d18281s7i2
34,d18281s7i3
34,d18281s7i4
34,d18281s7i5
93,d18360s9i3
93,d18360s9i16
93,d18360s7i15
93,d18360s7i16
47,d18346s15i1
36,d18346s13i59
3,d17617s2i1
3,d17617s2i2
3,d17617s2i3
7,d17492s11i6
9,d17492s4i1
9,d17492s4i9
4,d17681s16i111
28,d17682s14i1
4,d17682s3i4
4,d17690s6i4
4,d17690s6i19
4,d17690s6i23
4,d17690s6i24
6,d17691s21i5
3,d17694s4i8
12,d17695s9i6
3,d17698s10i21
4,d17698s2i36
4,d17699s40i19
3,d17699s37i43
3,d17699s33i14
3,d17699s31i5
7,d17699s8i1
4,d17700s7i72
4,d17700s5i24
3,d17702s13i17
3,d17702s13i13
65,d18409s7i1
65,d18259s7i44
65,d18259s7i45
28,d18259s64i5
4,d18259s6i23
69,d18259s4i1
38,d18259s34i2
38,d18259s32i1
4,d18259s3i45
4,d18259s3i46
28,d18259s18i11
7,d17104s95i1
5,d17104s31i1
12,d17089s35i14
5,d17086s9i1
5,d17086s9i2
5,d17086s9i3
28,d17086s8i1
6,d17086s41i1
9,d17086s30i1
3,d17661s36i84
3,d17661s36i98
3,d17661s36i86
3,d17661s36i85
3,d17661s36i22
3,d17661s31i5
3,d17661s10i2
65,d17661s6i99
3,d17578s6i5
28,d17342s50i1
3,d17658s17i16
3,d17658s12i84
3,d17658s12i53
3,d17657s8i8
120,d17370s4i3
3,d17362s8i60
5,d17100s38i1
12,d17098s5i2
3,d17098s31i1
1,d17098s29i1
7,d17098s22i1
12,d17098s15i1
7,d17098s13i1
28,d17097s8i1
5,d17097s25i1
7,d17097s20i1
4,d17097s10i1
4,d17095s10i1
3,d17094s7i10
7,d17094s4i2
5,d17094s2i2
3,d17094s14i4
3,d17094s14i9
3,d17094s13i1
28,d17094s11i3
4,d17090s16i1
9,d17084s19i4
7,d17079s11i12
47,d17817s11i1
47,d17817s11i2
47,d17817s11i3
47,d17817s11i4
47,d17817s11i5
47,d17817s11i6
47,d17817s11i7
47,d17817s11i8
47,d17817s11i10
47,d17817s11i11
47,d17817s11i12
47,d17817s11i13
47,d17817s11i14
47,d17817s11i15
3,d16556s48i23
90,d17798s8i5
90,d17798s5i14
4,d17691s4i12
6,d17691s21i3
4,d17690s6i15
4,d17690s6i16
4,d17690s6i17
12,d17690s29i3
4,d17682s66i24
4,d17682s66i25
28,d17682s65i5
4,d17682s3i12
4,d17682s19i1
4,d17682s18i22
7,d17681s4i10
28,d17637s7i9
3,d17637s2i3
67,d15815s22i3
67,d15813s14i4
90,d17794s6i4
90,d17798s5i15
5,d15777s9i4
114,4187s3i187
114,4187s3i193
114,4187s3i249
114,4187s3i326
114,4187s3i338
12,d15975s26i1
25,d15937s16i1
25,d15937s6i7
3,d15806s31i9
3,4383s13i1
3,d17680s9i1
3,d17680s9i6
3,d17634s200i12
7,d17634s108i3
6,d17634s106i2
3,d17854s7i22
3,d17650s7i3
7,d17580s15i2
3,d17544s8i2
38,d17544s5i3
3,d17543s58i5
1,d17543s29i5
3,d17853s17i1
3,d17853s15i21
3,d17853s15i23
1,d17878s7i5
1,d17878s7i6
1,d17878s7i10
25,d15939s3i14
25,d15937s17i4
25,d15937s17i5
3,d15937s15i12
3,4395s1i30
1,4394s7i1
28,d17640s15i1
28,d17640s9i1
3,d17640s8i3
65,d17640s5i1
3,d17640s4i3
1,d17860s32i2
1,d17860s28i5
3,d17860s9i25
3,d17616s12i1
114,d17625s3i8
114,d17625s3i7
114,d17625s2i26
114,d17625s2i15
4,d17357s2i39
91,d17800s8i40
36,d17795s72i1
36,d17795s72i3
47,d17795s120i6
3,d15806s9i7
3,d15806s41i29
3,d15806s40i4
3,d15806s4i9
3,d15806s39i25
3,d15806s31i8
3,d15806s11i53
3,d15806s11i59
3,d15806s11i61
3,d15806s11i66
3,d15805s6i69
3,d15805s4i68
3,d15805s19i5
3,d15805s19i18
3,d15805s19i19
3,d15805s19i23
34,d17788s82i22
48,d17798s9i3
47,d17797s122i2
47,d17797s122i1
47,d17797s61i2
92,d17783s19i2
85,d17783s15i1
121,d17783s12i7
85,d17783s3i1
115,d17826s8i1
115,d17826s8i2
115,d17826s8i3
115,d17826s8i8
115,d17826s8i16
115,d17826s8i22
26,d17826s6i1
115,d17826s10i1
91,d17800s3i2
85,d17794s13i2
85,d17794s11i2
48,d17792s3i1
34,d17788s94i3
35,d17788s88i1
35,d17788s88i2
35,d17788s88i3
35,d17788s88i4
35,d17788s88i5
35,d17788s88i6
34,d17788s86i5
34,d17788s86i3
34,d17788s86i4
34,d17788s82i8
34,d17788s82i11
34,d17788s82i17
34,d17788s82i33
34,d17788s82i36
34,d17788s82i48
34,d17788s82i6
34,d17788s82i7
35,d17788s71i5
35,d17788s71i6
34,d17788s133i3
34,d17788s133i4
34,d17788s133i5
34,d17788s133i12
34,d17788s133i22
34,d17788s133i23
34,d17788s126i2
34,d17788s126i6
34,d17788s126i7
34,d17788s126i11
34,d17788s112i1
34,d17788s112i2
34,d17788s111i3
34,d17788s111i4
35,d17786s84i2
35,d17786s84i3
34,d17786s83i2
34,d17786s83i3
36,d17786s57i1
34,d17786s53i2
34,d17786s53i3
34,d17786s53i4
34,d17786s161i2
34,d17786s129i2
34,d17786s129i3
34,d17786s123i2
34,d17786s123i3
34,d17786s123i4
34,d17786s109i1
34,d17786s108i3
34,d17786s108i4
34,d17786s108i5
100,d17785s7i5
100,d17785s3i2
100,d17785s3i4
100,d17785s2i25
92,d17783s7i5
85,d17783s6i1
85,d17783s2i17
121,d17783s13i1
34,d17780s93i3
34,d17780s78i3
34,d17780s56i4
34,d17780s51i4
110,d17833s2i62
110,d17827s48i5
91,d17774s39i15
35,d17770s129i6
34,d17769s14i2
35,d17769s8i30
35,d17769s8i53
35,d17756s113i15
35,d17756s113i10
34,d17756s68i2
100,d17755s19i6
100,d17755s19i3
110,d17814s4i1
35,d17802s104i1
35,d17802s104i2
35,d17802s104i4
35,d17802s104i6
35,d17802s104i7
35,d17802s104i8
35,d17802s104i9
35,d17802s104i10
35,d17799s106i1
35,d17799s106i2
35,d17799s106i3
35,d17799s106i4
27,d17797s169i1
115,d17797s160i4
115,d17797s160i1
115,d17797s160i2
36,d17782s87i25
34,d17782s84i6
34,d17782s84i7
34,d17782s67i2
34,d17782s67i18
34,d17782s67i21
34,d17782s62i2
34,d17782s58i1
34,d17782s58i3
35,d17782s48i10
35,d17782s48i18
36,d17782s38i5
36,d17782s38i37
36,d17782s38i68
34,d17782s33i8
34,d17782s33i9
36,d17782s131i1
34,d17782s113i2
34,d17782s113i4
34,d17782s103i5
34,d17782s103i6
34,d17782s103i7
34,d17780s79i1
34,d17780s78i2
34,d17780s71i2
34,d17780s71i7
34,d17780s71i8
34,d17780s62i2
34,d17780s62i3
34,d17780s62i4
34,d17780s61i2
34,d17780s61i3
34,d17780s61i4
34,d17780s51i3
35,d17780s42i6
35,d17780s42i7
35,d17780s42i8
35,d17780s42i9
35,d17780s42i10
34,d17780s29i3
34,d17780s29i4
116,d17780s102i2
36,d17778s9i19
36,d17778s4i60
36,d17778s3i48
36,d17778s3i64
36,d17778s18i51
36,d17778s18i292
36,d17777s7i16
36,d17777s3i7
85,d17777s2i10
34,d17776s9i4
34,d17776s9i9
116,d17776s7i7
116,d17776s7i1
117,d17776s6i1
34,d17776s5i5
34,d17776s5i10
36,d17776s3i3
36,d17776s3i7
91,d17776s2i1
34,d17776s10i1
34,d17776s10i6
99,d17775s9i10
34,d17774s78i1
34,d17774s78i2
34,d17774s77i2
34,d17774s76i1
91,d17774s39i55
91,d17774s38i5
34,d17774s126i4
35,d17774s12i9
36,d17774s113i17
35,d17770s52i1
35,d17770s28i1
35,d17770s173i1
34,d17770s148i3
35,d17770s138i1
34,d17770s131i1
35,d17770s113i9
35,d17769s8i2
35,d17769s8i3
35,d17769s8i7
35,d17769s8i9
35,d17769s8i11
35,d17769s8i13
35,d17769s8i18
35,d17769s8i22
35,d17769s8i44
35,d17769s8i49
35,d17756s113i9
35,d17756s113i13
109,d17755s16i1
100,d17754s44i9
100,d17754s39i15
100,d17754s12i33
95,d17822s18i1
32,d17822s7i3
35,d17809s51i3
35,d17809s51i5
46,d17112s7i3
34,d17751s9i3
36,d17750s3i7
35,d17809s51i2
3,d17861s68i1
3,d17861s68i2
28,d17107s7i3
9,d17107s4i2
7,d17106s11i3
7,d17106s8i2
7,d17106s4i1
8,d17103s6i3
4,d17096s10i2
4,d17096s10i1
7,d17096s6i12
7,d17093s4i1
28,d17092s19i2
9,d17092s5i1
7,d17092s3i2
9,d17088s37i1
12,d17088s10i3
12,d17087s1i2
4,d17544s12i1
3,d17543s91i11
3,d17543s91i15
3,d17543s43i1
3,d16115s6i6
3,d16114s5i43
4,d16114s2i10
3,d16113s13i6
6,d16063s24i2
25,d16063s21i10
9,d16063s5i7
3,d16024s25i12
3,d15892s3i1
1,d15888s5i3
4,d15878s7i9
3,d15865s33i1
3,d15865s22i6
3,d15864s9i5
3,d15864s4i1
3,d15861s27i17
3,d15861s27i26
3,d15861s22i24
3,d15861s17i25
3,d15861s13i11
3,d15861s7i12
3,d15861s7i19
3,d15861s7i1
3,d15861s4i26
3,d15861s4i27
3,d15839s2i11
3,d15824s6i6
100,d17768s18i23
3,4251s4i8
3,d17732s5i5
7,d17739s26i2
1,d17739s16i2
3,d17739s9i26
3,d17744s28i7
3,d17743s51i6
5,d17741s40i1
3,d16559s62i1
1,d16559s57i7
1,d16559s57i8
1,d16555s23i3
1,d16555s22i9
1,d16555s22i7
1,d16555s22i4
1,d16555s13i2
8,d16547s53i2
1,d16547s43i2
1,d16547s17i3
1,d16547s4i4
1,d16547s3i6
7,d17739s26i3
9,d17672s54i3
3,d17672s49i1
3,d17672s31i18
3,d17672s17i13
3,d15755s21i25
3,d15755s16i34
3,d15755s16i36
4,d17703s8i20
4,d17703s11i30
4,d17688s3i8
4,d17337s13i13
122,4245s17i2
28,4245s12i4
7,4245s5i12
123,d17479s6i3
123,d17479s6i2
123,d17479s6i1
17,d17477s2i1
3,3949s40i29
3,3949s40i26
3,d17532s19i16
3,d17532s19i20
3,d17526s11i3
3,d17517s4i17
5,d17511s8i1
5,d17511s8i2
5,d17511s8i3
17,d17476s2i1
3,d16065s3i8
3,d16065s3i9
3,d16065s2i20
5,d16065s17i1
3,d16065s10i6
3,d15993s2i2
3,d15991s19i13
3,d15991s19i15
3,d15824s6i7
3,d15824s6i52
3,4253s2i4
3,4251s3i14
3,4251s3i15
7,4245s4i2
7,4245s4i7
3,d17050s36i2
1,d16813s334i9
5,d15800s13i2
3,d17313s10i6
3,d17313s10i7
3,d17509s31i9
3,d17509s31i10
26,d17509s32i2
3,d17503s21i1
3,d17525s33i11
3,d17525s33i10
3,d17525s33i7
3,d17525s33i8
3,d17525s33i9
4,d17521s5i6
4,d17521s6i3
5,d17519s14i5
4,d17486s24i3
3,d17486s13i8
3,d17486s13i6
3,d17482s23i6
3,d17482s23i9
3,d17482s23i18
3,d17523s34i8
3,d17523s34i4
3,d16934s19i2
3,3949s21i20
3,3949s21i16
3,3949s21i15
25,d15815s18i26
97,d15813s39i3
7,d17529s16i2
3,d17527s88i20
5,d17519s14i4
1,d16231s53i12
28,d17473s2i2
3,d16260s83i1
97,d15813s39i4
3,3949s16i8
3,d17501s59i3
7,d17501s38i10
3,d16164s48i12
4,d17398s20i1
28,d17396s55i3
4,d17396s44i20
4,d17396s44i9
1,d17404s53i6
3,d17495s8i5
3,d17495s7i6
3,d17495s7i7
3,d17495s7i13
3,d17495s5i4
3,d17495s2i13
3,d17495s14i7
3,d17495s14i12
3,d17495s14i22
3,d17495s14i23
3,d17495s13i8
3,d17495s13i14
38,d17492s13i2
38,d17492s13i3
38,d17492s13i4
38,d17492s13i8
7,d16169s4i1
38,d16164s9i1
3,4359s10i19
1,d15967s6i3
3,d16006s7i87
1,d16070s4i2
3,d17046s35i18
3,d17046s32i9
3,4155s15i1
1,3951s17i4
1,3951s17i1
114,d15960s2i88
114,d15960s2i51
114,d15960s2i29
114,d15960s2i81
38,d17501s71i1
7,d17501s69i1
3,d17501s60i1
7,d17501s51i4
38,d17501s49i5
38,d17501s42i1
38,d17501s42i2
38,d17501s42i3
28,d17501s28i1
7,d17501s20i16
7,d17501s19i1
7,d17501s18i8
3,d17499s444i6
3,d17499s442i14
3,d17499s395i3
3,d17499s395i10
3,d17499s380i5
3,d17499s2i17
38,d17499s168i11
3,d17496s7i25
3,d17496s7i38
3,d17496s7i54
3,d17496s7i72
3,d17496s6i48
3,d17496s34i13
3,d17496s34i59
7,d17496s30i6
38,d17496s28i1
38,d17496s28i2
38,d17496s28i3
38,d17496s28i4
38,d17496s28i5
7,d17491s9i3
7,d17491s9i13
3,d17491s4i12
3,d17491s4i15
3,d17491s3i8
3,d17491s3i30
4,d17490s8i2
28,d17490s5i4
38,d17490s4i2
9,d17490s31i1
9,d17490s31i2
9,d17490s31i3
9,d17490s31i4
9,d17490s31i5
38,d17490s3i2
38,d17490s3i3
38,d17490s3i4
38,d17490s3i5
38,d17490s29i3
38,d17490s29i4
38,d17490s29i5
38,d17490s29i6
3,d17490s28i5
38,d17490s2i1
38,d17490s2i2
38,d17490s2i3
38,d17490s2i4
38,d17490s2i5
38,d17490s2i6
38,d17490s2i7
38,d17490s2i8
38,d17490s2i9
38,d17490s2i10
4,d17490s19i1
4,d17490s19i2
4,d17490s19i11
38,d17490s16i1
38,d17490s16i2
38,d17490s14i2
38,d17490s14i3
38,d17490s14i4
38,d17490s14i5
38,d17490s13i2
38,d17490s13i4
90,d15890s3i2
124,d16343s23i3
125,d16343s22i1
51,d16343s19i1
24,d16343s15i1
24,d16343s11i5
3,4360s8i28
3,4358s11i5
3,4170s5i6
3,d16859s30i3
26,d16864s52i1
1,d16231s59i1
1,d16925s24i2
28,d17070s91i6
3,d17468s21i3
3,d17076s19i16
3,d17074s27i1
1,d17073s14i1
5,d17460s4i2
3,d17458s6i22
3,d17458s6i11
12,d17456s14i3
12,d17456s9i2
8,d17447s13i4
69,d16835s104i3
3,4134s4i34
3,4134s4i29
3,4134s4i86
3,4135s15i9
3,4135s10i7
3,d16932s23i23
28,d16925s43i1
1,d16925s32i1
12,4135s54i3
3,4135s19i5
6,d16845s30i5
6,d16845s30i8
3,d16845s7i13
8,d16841s23i9
8,d16841s23i8
8,d16841s23i7
3,d16834s48i30
3,d16834s48i20
3,d16834s31i20
3,d16851s31i17
1,d17451s24i7
1,d16934s28i1
3,d16934s21i1
5,d16118s17i1
3,d16118s10i1
1,d17451s24i3
1,d17451s24i5
1,d17451s24i8
1,d17451s24i9
3,d17058s7i21
3,d17021s16i4
3,d17021s15i1
3,d17021s15i2
3,d17021s15i3
3,d17016s49i14
3,d16851s38i1
5,d16851s24i2
5,d16851s24i5
3,d16851s23i1
3,d16845s7i14
6,d16845s30i4
7,d17408s21i2
1,d17443s21i3
4,d17401s8i2
4,d17401s8i3
4,d17399s34i4
4,d17399s34i10
4,d17399s34i11
7,d17399s31i3
4,d17396s44i7
4,d17396s44i16
3,d16843s4i15
3,d16839s19i2
3,d16837s18i4
3,d16837s11i31
38,d16835s102i1
38,d16835s102i2
38,d16835s102i3
65,d16273s9i1
65,d16273s78i20
3,d16273s57i50
65,d16273s24i20
9,d16338s16i7
8,d16338s11i1
1,d16350s9i5
1,d16350s9i4
1,d16350s9i1
1,d16344s15i16
1,d16344s15i13
1,d16344s13i4
6,d16344s4i1
6,d16344s2i2
9,d16335s12i2
1,d16413s16i3
7,d16411s35i3
1,d16408s7i1
7,d16404s3i4
21,d16401s4i4
6,d16399s21i4
9,d16399s4i2
3,d17409s6i9
6,d16395s2i1
3,d16395s15i54
3,d16862s127i14
3,d16862s127i13
3,d16862s127i11
3,d16862s127i17
3,d16862s126i5
3,d16862s100i3
5,d16862s89i11
5,d16862s89i4
5,d16862s89i3
3,d16862s78i2
12,d16862s41i7
12,d16862s41i6
5,d17395s34i2
95,d17391s33i2
95,d17391s31i2
95,d17391s20i2
95,d17391s19i6
3,d17390s15i6
3,d15981s10i30
3,d15979s6i17
3,d15978s9i7
3,d15978s22i23
3,d15978s22i33
3,d15977s15i16
3,d15966s16i47
3,d15966s1i31
3,d15966s1i92
3,d15966s1i108
7,d15965s15i11
3,d15964s13i22
3,d15962s3i3
3,d15962s10i11
28,d15959s5i2
1,d17414s39i2
1,d17412s15i15
1,d17412s15i19
1,d17412s15i13
1,d17410s76i3
39,d17410s35i2
108,d17437s5i5
39,d17437s4i7
39,d17437s4i2
39,d17438s332i8
39,d17438s103i6
39,d17439s15i1
43,d17438s4i3
43,d17437s16i4
43,d17435s30i9
43,d17435s30i10
43,d17435s30i11
28,d17409s8i1
3,d17409s6i5
3,d17409s6i7
3,d17409s37i2
4,d17408s6i1
3,d17408s5i2
3,d17408s5i7
7,d17407s43i1
4,d17405s2i2
4,d17394s13i1
4,d17394s13i2
4,d17394s13i3
4,d17394s13i4
4,d17394s13i5
4,d17394s13i6
5,d17392s27i1
5,d17392s27i2
5,d17392s27i3
3,d17391s42i3
3,d17391s42i7
3,d17391s42i8
3,d17391s42i9
3,d17391s42i10
67,d16255s52i10
67,d16255s51i4
3,d16255s3i110
90,d16240s79i9
3,d16239s66i36
3,d16109s16i11
3,d16109s11i11
1,d16108s1i4
1,d16108s1i6
6,4364s11i2
3,4359s10i11
3,4359s10i18
25,4358s2i7
7,d16545s61i1
3,d16545s77i6
9,d16545s37i1
10,d16545s7i10
1,d17410s76i4
1,d17412s15i8
1,d17410s61i2
3,d15990s8i5
3,d15990s8i10
3,d15990s7i4
3,d15990s7i8
3,d15990s2i35
3,d15990s2i40
3,d15990s17i7
3,d15990s17i8
3,d15990s17i9
3,d15990s13i15
7,d15990s11i4
3,d15990s1i20
3,d15990s1i38
3,d15990s1i60
3,d15989s6i2
101,d17303s61i6
51,d17372s10i4
20,d17372s6i4
39,d17375s56i1
126,d17375s8i2
39,d17377s6i2
126,d17378s30i1
65,d17378s27i2
108,d17379s20i17
108,d17379s20i20
3,d16267s95i57
3,d16267s95i52
3,d16267s95i49
3,d16267s95i48
3,d16266s73i30
3,d16266s72i12
3,d16266s72i9
3,d16266s61i1
7,d16266s43i10
7,d16266s43i8
7,d16266s43i4
7,d16266s43i2
127,d16264s103i1
3,d16263s179i36
127,d16263s174i5
3,d16263s162i4
3,d16261s48i68
3,d16261s28i35
3,d16261s5i41
3,d16261s5i33
3,d16261s3i6
3,d16260s103i23
3,d16260s103i7
3,d16260s79i9
9,d16260s60i8
7,d16260s7i2
7,d16260s7i1
7,d16260s2i20
7,d16260s2i16
7,d16260s2i10
3,d16259s24i2
3,d16259s5i30
7,d16258s91i2
3,d16253s72i40
3,d16253s72i22
3,d16253s72i14
3,d16253s72i12
3,d16253s4i87
3,d16251s108i2
3,d16251s54i18
3,d16251s47i21
3,d16251s47i14
3,d16251s17i15
3,d16251s17i14
70,d16250s78i9
70,d16250s39i3
7,d16250s13i60
7,d16250s13i27
3,d16248s67i36
7,d16248s30i26
3,d16248s9i63
3,d16248s9i40
3,d16248s8i63
3,d16248s8i62
3,d16247s40i12
3,d16247s40i5
7,d16246s25i12
7,d16246s25i5
7,d16246s19i2
3,d16246s15i6
7,d16246s4i40
7,d16246s4i26
7,d16245s82i18
7,d16245s82i16
7,d16245s82i6
21,d16245s65i6
7,d16245s63i4
7,d16245s63i3
3,d16245s22i1
3,d16245s7i97
3,d16245s7i90
3,d16245s7i5
3,d16245s7i3
3,d16245s3i2
3,d16244s61i100
3,d16244s61i93
3,d16244s34i8
3,d16244s34i5
3,d16244s28i3
3,d16244s20i87
3,d16244s20i72
3,d16244s20i38
3,d16244s2i39
3,d16244s2i35
3,d16244s2i33
3,d16244s2i14
1,d16243s121i1
7,d16243s51i14
3,d16243s36i6
3,d16243s4i21
3,d16243s4i7
3,d16242s123i6
3,d16242s115i7
3,d16242s4i38
3,d16242s2i78
3,d16241s67i6
3,d16241s67i7
3,d16239s66i62
3,d16239s10i9
5,d16238s92i19
5,d16238s92i14
3,d16238s28i5
3,d16238s17i63
3,d16238s17i57
3,d16238s3i75
3,d16238s3i24
3,d16238s3i15
3,d16234s87i20
3,d16237s23i13
7,d16237s20i24
7,d16237s20i18
7,d16237s20i14
127,d16234s31i2
127,d16234s31i4
3,d16235s21i23
3,d16235s21i6
7,d16235s5i59
7,d16235s5i60
7,d16235s4i6
128,d16234s58i12
7,d16234s41i6
7,d16234s41i2
41,d17375s1i1
41,d17375s1i3
52,d17373s24i6
52,d17373s24i10
129,d17372s8i18
129,d17372s7i12
20,d17372s4i3
54,d17372s3i2
51,d17372s10i5
108,d17308s16i1
97,d17272s21i1
3,d17267s45i22
3,d17267s41i1
28,d17267s32i2
3,d17264s47i7
3,d17278s35i3
7,d17276s10i62
10,d17384s9i3
39,d16428s7i1
114,d16428s3i1
43,d17382s18i2
21,d17382s14i1
108,d17381s28i7
108,d17308s6i6
130,d17306s7i5
130,d17306s6i2
38,d17278s44i1
3,d17278s35i1
33,d17278s111i2
7,d17277s3i55
38,d17276s26i1
3,d17271s9i31
21,d17269s17i1
3,d17266s98i13
3,d17266s94i8
3,d17266s137i47
3,d17266s119i36
3,d17264s47i68
3,2605s77i3
6,2605s28i1
3,2605s21i9
7,2603s81i2
3,2603s318i10
6,2603s267i3
9,2603s266i6
3,2603s262i3
1,2603s112i3
3,d16561s5i72
3,d16557s57i3
3,d16545s91i6
3,d16545s87i6
6,d16335s11i1
3,d17268s81i8
3,d17268s72i92
3,d17268s72i98
3,d17268s72i136
3,d17268s7i93
3,d17268s7i110
3,d17268s60i5
3,d17268s31i1
3,d17268s30i119
3,d17268s29i36
7,d17268s23i1
3,d17268s20i18
3,d17268s13i27
3,d17267s5i29
3,d17267s4i3
3,d17267s28i8
3,d17265s51i24
12,d17265s45i107
7,d17263s3i3
7,d17263s16i10
44,d16428s38i3
43,d16425s18i4
46,d16422s86i4
127,d16422s105i3
51,d16421s81i52
51,d16421s81i69
120,d16421s79i7
51,d16421s61i9
45,d16421s51i7
3,d16168s13i10
12,d16147s22i1
7,d16914s2i1
3,d16775s18i6
1,d16772s5i1
6,d16699s28i3
7,d16699s22i3
3,d16699s6i3
12,d16881s6i1
12,d16881s3i3
3,d16565s6i2
3,d16565s6i1
26,d16565s3i1
70,4025s113i1
1,4025s97i2
70,4025s94i3
70,4025s94i2
6,4023s270i1
9,4023s41i1
6,4023s39i1
5,4022s25i8
97,4022s19i1
1,4021s54i11
1,4021s15i3
1,4009s30i2
9,4020s272i2
6,d16075s2i2
1,4016s336i3
5,4014s4i1
1,4013s85i2
1,4013s29i2
1,4005s5i9
1,4005s2i17
1,4005s2i11
1,4005s2i10
1,4005s2i9
6,4002s22i1
1,d17157s33i1
3,4010s8i10
3,4010s17i2
3,d16545s85i9
3,d16545s83i1
28,572s92i1
114,d16490s6i3
131,d16490s4i8
1,d16413s16i1
1,d16404s5i1
25,d15743s10i9
3,d15742s12i5
3,d15742s14i1
1,4322s8i5
71,d17140s25i8
6,4023s171i3
5,4163s4i9
8,4016s197i3
8,4016s164i6
8,4016s107i4
8,4016s25i3
38,d16170s32i2
12,d16142s10i6
12,d16142s4i3
4,d17186s19i1
4,d17186s19i2
4,d17186s19i4
55,d16791s58i4
55,d16791s58i2
55,d16791s58i1
90,d17143s40i11
90,d17143s40i10
90,d17143s40i7
90,d17143s40i4
90,d17143s40i3
90,d17143s40i2
32,d17143s20i3
132,d17143s6i3
90,d16899s40i61
90,d16899s38i71
90,d16899s38i65
90,d16899s38i59
90,d16899s38i53
90,d16899s38i38
90,d16899s38i31
90,d16899s32i31
6,d16899s1i2
6,d16899s1i1
5,d16898s14i11
5,d16898s14i8
5,d16898s14i2
5,d16898s14i1
1,d16898s11i32
1,d16898s11i27
1,d16898s11i24
6,d16898s10i4
6,d16898s10i2
133,d16898s7i2
134,d16897s14i4
134,d16897s14i3
32,d16897s7i11
134,d16896s13i2
6,d16896s3i12
32,d16895s31i9
32,d16895s31i4
132,d16895s29i1
132,d16895s29i3
3,4312s2i14
55,d16791s9i1
28,d17185s7i1
5,d16024s24i1
90,d16020s5i63
3,d15745s3i32
90,d16479s19i9
90,d16479s19i1
97,d16477s92i3
97,d16477s92i2
97,d16477s91i24
97,d16477s91i14
97,d16477s91i3
134,d16477s86i3
134,d16477s86i2
6,d16477s85i1
6,d16477s66i1
51,d16477s58i1
8,d16477s24i2
108,d16336s70i10
108,d16336s70i3
10,d16336s59i3
108,d16336s58i6
1,4322s8i4
1,4322s8i1
90,d16892s23i1
3,4312s2i15
3,4311s5i10
28,4310s17i4
60,4310s12i5
38,3308s126i2
28,3308s125i1
38,3308s113i2
38,3308s107i1
38,3308s96i8
38,3308s95i2
38,3308s61i1
38,3308s61i3
38,3308s49i1
38,3308s48i3
3,3308s34i7
38,3308s22i1
4,d16988s81i32
3,d16988s69i310
3,d16988s68i29
3,d16988s19i51
3,d16988s18i4
3,d16988s18i19
3,d16988s18i35
3,d15746s7i28
3,d15746s6i103
3,d15746s2i48
3,d16990s79i29
3,d16990s2i54
4,d16986s21i64
4,d16986s21i130
90,d16899s38i33
3,d16065s2i19
3,d16065s13i15
3,d16065s13i16
8,d16063s8i1
6,d16063s7i3
9,d16063s5i1
6,d16063s29i3
8,d16063s28i3
6,d16063s24i1
25,d16063s22i5
25,d16063s21i1
25,d16063s21i8
25,d16063s15i7
8,d16063s10i1
3,d15745s3i21
3,d15745s3i56
134,d16477s76i1
3,d15739s2i1
3,4006s164i1
3,4006s198i3
1,d16830s18i1
3,4023s240i5
8,4023s128i1
1,4023s12i3
3,d16883s64i16
3,d16883s64i21
3,d15744s17i6
3,d15744s16i5
3,d15744s16i6
3,d15744s16i7
3,d15744s16i8
3,d15744s16i9
3,d15744s16i10
3,d15744s14i15
5,d15743s1i3
132,d16325s102i1
132,d16325s46i5
132,d16325s46i6
21,d16956s189i1
3,d16920s54i9
3,d16941s47i4
3,d16941s47i3
3,d16941s47i11
55,d16377s63i6
55,d16377s63i5
59,d17109s8i11
87,d17109s2i2
20,d16726s3i1
4,d17069s4i2
28,d17005s12i6
28,d17005s12i5
28,d17005s12i4
28,d17005s12i2
28,d17005s12i3
28,d17005s12i1
1,d17004s43i4
1,d17004s43i1
114,d17004s9i3
28,d17004s3i1
3,d16963s26i3
3,d16963s25i3
3,d16963s25i5
3,4143s32i12
3,4143s32i11
3,4143s32i10
95,d17022s11i2
95,d17022s12i1
5,d17011s208i1
5,d17011s208i3
5,d17011s208i2
90,d17011s195i3
28,d17011s15i3
1,d17010s18i3
4,d17014s46i3
7,d16271s112i2
3,d16271s37i4
5,d16271s32i2
3,d16271s31i5
3,d16271s18i3
3,d16368s8i10
7,d17009s74i1
3,d16318s50i3
7,d16318s40i3
5,d16952s40i1
3,d16952s6i12
3,d16922s81i26
3,d16922s81i34
3,d16922s81i37
3,d16922s6i17
3,d16922s6i16
4,d17013s98i4
90,d17010s67i1
25,d15946s7i63
3,d16872s4i3
3,d16866s61i9
3,d16866s61i4
3,d16866s61i8
135,d17109s7i2
135,d17109s7i5
136,d17109s3i4
55,d16377s63i1
55,d16377s63i2
55,d16377s63i3
55,d16377s63i4
25,d16377s43i188
137,d16377s36i1
137,d16377s36i2
3,4143s32i4
3,4143s32i5
3,4143s32i6
3,4143s32i9
3,d16861s24i7
108,d16336s80i1
101,d16336s18i2
114,d16844s10i3
69,d16997s27i4
1,4151s25i9
28,3941s25i2
28,d16996s188i1
4,d17000s15i15
4,d17000s15i14
4,d17000s15i13
4,d17000s15i10
4,d17000s15i11
4,d17000s15i12
12,d16998s32i5
12,d16998s29i4
1,d16998s27i5
1,d16998s24i3
5,d16998s4i2
12,d16997s20i1
1,d16995s22i6
1,d16995s14i2
1,d16995s11i6
3,d16978s12i6
69,d16975s11i1
5,d16973s88i3
9,d16973s68i3
7,d16973s10i3
3,d16846s15i5
3,d16842s7i1
1,d16842s6i5
3,d16838s56i3
3,4132s27i3
9,d16889s8i5
138,d16886s46i3
138,d16886s31i1
132,d16326s27i5
132,d16326s20i23
132,d16326s20i22
4,d17000s5i2
5,d16998s4i3
12,d16998s29i6
1,d16998s15i1
134,d16325s68i2
132,d16325s58i1
71,d16325s38i3
132,d16325s31i10
132,d16325s31i6
132,d16325s22i11
54,d16325s7i5
54,d16325s7i16
54,d16308s18i37
54,d16308s18i32
54,d16308s18i22
54,d16308s18i11
90,d17002s12i1
3,d16997s38i6
90,d16997s18i2
90,d16997s18i3
139,d16329s97i1
139,d16329s97i2
139,d16329s97i3
139,d16329s97i4
139,d16329s97i5
139,d16329s97i6
139,d16329s97i7
139,d16329s97i8
139,d16329s97i9
127,d16329s63i5
21,d16329s38i10
1,d16176s85i2
1,d16176s85i1
1,d16176s84i1
44,d16471s4i2
51,d16466s31i2
32,d16466s3i4
51,d16466s2i13
101,d16465s88i36
21,d16464s32i1
3,d16811s65i23
3,d16922s81i25
23,d16466s5i1
101,d16466s21i1
24,d16464s94i3
101,d16464s93i5
101,d16464s80i1
101,d16464s78i11
21,d16464s44i4
21,d16464s43i10
21,d16464s39i1
101,d16464s37i1
21,d16464s23i1
21,d16464s23i2
68,4149s2i3
1,4025s97i3
70,4025s94i4
7,4025s40i5
7,4025s39i9
70,4025s165i1
3,4013s9i26
3,4013s43i9
3,4013s25i68
3,4013s25i329
3,4013s22i74
3,4013s2i44
1,4005s71i2
1,4005s71i10
70,4005s139i2
70,4005s139i6
7,3997s155i15
127,d15862s1i3
65,4337s2i7
3,d16965s7i62
3,d16965s7i80
3,d16965s2i63
4,d16915s11i8
4,d16907s5i23
4,d16907s1i13
38,d16836s43i2
21,d16836s19i1
28,4159s27i17
3,4157s31i11
3,4151s20i24
3,4132s32i4
3,4132s32i8
1,3996s182i6
10,3996s110i3
7,d16852s11i5
3,d16852s6i2
1,d16852s3i27
1,d16852s3i14
3,d16850s22i2
3,d16850s15i2
7,d16850s13i12
3,d16850s4i3
#N/A,3682s2i6
#N/A,d16634s12i20
88,d16386s56i12
25,d16385s74i7
88,d16385s70i1
3,3426s45i2
25,d16383s7i15
1,3406s28i5
3,3401s123i11
3,3401s71i9
9,3401s15i2
6,2977s443i1
87,d16382s27i2
#N/A,d16382s20i2
75,d16381s2i2
#N/A,d16380s74i2
10,2977s306i1
6,2977s305i2
25,d16380s47i14
54,d16308s18i1
#N/A,d16378s42i10
55,d16378s30i3
9,d16308s10i1
138,d16326s57i10
138,d16326s31i2
132,d16326s3i1
8,2977s23i2
132,d16326s20i30
132,d16326s20i29
132,d16326s20i27
132,d16326s20i28
132,d16326s20i26
132,d16326s20i25
132,d16326s20i24
132,d16326s20i21
132,d16326s20i18
132,d16326s20i19
132,d16326s20i17
8,2977s16i2
114,2977s11i9
54,d16325s7i4
6,d16888s44i3
39,d16888s11i1
#N/A,d16888s6i1
132,d16888s3i2
132,d16888s3i7
90,d16889s46i1
2,d16889s39i1
2,d16889s34i1
2,d16889s33i24
9,d16889s8i4
3,d16891s17i1
6,2974s257i1
132,d16886s41i11
26,2972s665i2
132,d16886s37i6
9,d16886s36i5
138,d16886s32i1
1,2972s518i3
26,2972s502i6
1,2972s489i1
1,2972s387i2
1,2972s358i1
35,d16380s60i2
1,2972s319i5
1,2972s319i4
3,d16893s56i14
1,2970s225i2
5,d16893s15i2
12,2970s154i1
10,d16482s68i8
7,d16482s36i3
58,d16482s28i3
58,d16482s22i4
58,d16482s18i8
58,d16482s17i25
58,d16482s17i7
7,d16893s50i11
9,d16893s35i7
138,d16892s7i5
3,d16892s62i6
9,d16892s46i10
138,d16892s32i5
1,d16629s37i3
1,d16629s37i2
1,d16629s37i4
9,4412s23i8
39,d16640s34i5
3,d16908s4i7
1,d16906s9i1
1,d16906s9i2
1,d16906s9i51
6,d16699s9i1
6,d16699s28i2
1,d16699s17i1
1,d16699s17i4
1,d16699s17i7
3,4011s99i1
7,d16640s19i4
3,d16599s42i14
10,d16599s4i1
7,d16599s30i15
3,d16599s25i18
3,d16599s20i20
7,d16599s17i3
10,d16599s14i3
7,d16599s13i2
1,3997s1i1
134,d16888s64i1
138,d16886s18i3
138,d16326s31i5
132,d16326s20i14
134,d16325s68i8
9,d16325s67i5
7,d16600s3i6
3,d16812s133i10
6,d16812s122i4
6,d16812s11i7
1,d16720s18i2
9,d16718s5i1
9,d16718s4i1
3,d16717s43i7
3,d16642s45i10
3,d16642s19i2
7,d16642s5i1
3,d16601s39i12
3,d16601s34i11
3,d16642s45i9
3,d16601s40i6
3,d16601s40i12
7,d16601s33i1
61,d16380s8i11
61,d16380s8i22
114,d16578s25i42
#N/A,d16578s18i7
3,4337s14i2
10,d16452s44i3
126,d16452s29i22
3,d16852s13i9
3,d16079s4i13
6,d16079s2i4
6,d16078s2i2
3,d16074s1i21
3,d16074s1i36
65,d16058s6i1
8,4020s117i1
8,4020s111i5
8,3996s7i72
3,3996s179i9
3,3996s103i12
#N/A,d16460s211i8
#N/A,d16460s211i7
#N/A,d16460s211i6
#N/A,d16460s211i5
#N/A,d16460s211i4
#N/A,d16460s211i2
#N/A,d16460s211i1
#N/A,d16460s211i3
21,d16460s138i1
101,d16437s205i1
51,d16456s46i4
10,d16456s45i1
127,d16218s4i1
20,d16707s7i1
20,d16707s5i4
58,d16597s91i1
58,d16597s82i10
58,d16597s80i14
58,d16597s80i25
58,d16597s79i19
58,d16597s78i2
58,d16597s65i2
58,d16597s64i10
58,d16597s57i2
58,d16597s56i4
7,d16597s45i1
58,d16597s30i4
#N/A,d16456s7i3
#N/A,d16439s24i2
40,d16439s2i4
114,d16458s19i3
39,d16825s6i16
#N/A,d16438s48i3
101,d16437s274i12
21,d16440s43i5
21,d16440s9i25
101,d16440s7i2
101,d16440s6i64
1,d16434s28i47
127,d16436s31i1
#N/A,d16489s56i2
104,d16489s36i15
104,d16489s24i44
62,d16488s26i1
25,d16488s22i4
25,d16488s22i8
106,d16488s13i8
104,d16487s72i10
75,d16487s70i2
65,d16487s7i3
131,d16487s36i12
104,d16487s15i2
104,d16487s110i1
104,d16487s108i3
84,d16486s12i1
84,d16486s11i1
84,d16486s11i6
104,d16485s6i35
103,d16485s49i29
103,d16485s49i15
103,d16485s49i24
103,d16485s49i27
25,d16485s30i6
25,d16485s26i4
75,d16485s24i11
#N/A,d16485s22i3
103,d16485s21i11
103,d16484s9i8
103,d16484s9i43
103,d16484s9i2
106,d16484s6i5
62,d16484s12i3
3,d16073s40i4
3,d16073s36i4
114,d16810s8i1
114,d16810s44i1
#N/A,d16663s7i2
114,d16579s19i1
114,d16579s6i7
98,d16691s24i1
#N/A,d16662s9i1
21,d16662s11i7
79,d16662s10i3
79,d16662s10i5
#N/A,d16650s5i6
#N/A,d16610s20i1
#N/A,d16610s20i2
79,d16610s19i3
3,d15935s3i21
3,d15935s18i9
3,d15935s18i10
3,d15935s18i17
3,d15934s13i25
65,d15934s11i3
1,d15933s17i2
3,d15933s16i13
3,d15933s11i18
3,d15932s6i11
28,1502s7i1
28,145s29i2
4,144s8i1
4,144s6i2
39,1251s1i93
131,d16682s9i9
#N/A,d16666s6i5
62,d16540s5i8
103,d16518s12i6
#N/A,d16514s22i2
103,d16512s6i1
3,3998s24i9
1,d15888s5i4
3,d16072s8i10
3,d16072s8i32
3,d16072s8i41
32,d16072s6i6
3,d16072s4i21
3,d16072s37i5
3,d16072s36i1
3,d16072s24i4
3,d16072s2i5
7,d16072s19i2
7,d16072s18i1
#N/A,d16072s17i1
3,d16072s13i51
3,d16072s13i52
3,d16072s13i53
3,d16072s13i70
3,d16072s13i91
3,d16072s13i180
3,d16072s13i202
3,d16072s13i204
3,d16072s13i208
3,d16072s13i249
28,d16072s10i4
6,d16794s25i1
7,d16794s22i1
3,d16364s5i3
28,d16205s29i5
28,d16205s14i4
3,d15765s11i25
1,3406s28i3
3,3401s133i6
3,3401s104i1
62,d16696s8i3
62,d16696s8i10
#N/A,d16696s31i2
25,d16696s14i22
104,d16695s9i8
104,d16695s84i7
95,d16694s23i1
39,d16694s117i1
#N/A,d16693s4i1
#N/A,d16693s3i3
#N/A,d16690s5i5
98,d16690s26i3
98,d16690s26i9
103,d16690s21i11
#N/A,d16690s2i1
21,d16690s15i4
98,d16690s14i1
82,d16688s4i6
82,d16688s4i9
62,d16686s3i1
62,d16686s2i2
62,d16686s2i6
#N/A,d16686s14i4
#N/A,d16685s7i6
21,d16685s45i1
#N/A,d16685s34i4
#N/A,d16685s2i1
#N/A,d16684s11i1
104,d16683s6i1
82,d16683s55i2
#N/A,d16683s54i4
104,d16683s53i1
#N/A,d16683s5i1
#N/A,d16683s47i1
#N/A,d16683s47i2
#N/A,d16683s47i3
#N/A,d16683s47i4
#N/A,d16683s47i5
#N/A,d16683s47i6
62,d16683s34i1
62,d16683s34i3
#N/A,d16683s11i1
104,d16683s10i4
131,d16682s9i6
131,d16682s9i7
131,d16682s9i13
98,d16680s7i1
103,d16678s10i2
#N/A,d16676s6i9
103,d16675s5i1
103,d16675s5i7
79,d16675s3i21
103,d16675s29i5
103,d16675s29i9
103,d16675s27i3
75,d16675s2i1
103,d16675s10i1
103,d16675s10i3
95,d16672s17i3
#N/A,d16672s16i3
98,d16672s12i45
98,d16672s12i5
98,d16672s12i7
98,d16672s12i14
#N/A,d16671s14i4
#N/A,d16670s2i2
#N/A,d16670s2i7
#N/A,d16670s13i1
#N/A,d16670s10i3
#N/A,d16669s5i1
104,d16668s9i8
104,d16668s8i4
104,d16668s56i2
103,d16668s50i9
103,d16668s50i13
#N/A,d16668s44i3
#N/A,d16668s36i3
#N/A,d16668s21i1
62,d16668s17i6
#N/A,d16668s15i3
#N/A,d16668s14i2
#N/A,d16668s14i3
#N/A,d16666s8i5
#N/A,d16666s8i6
#N/A,d16666s8i7
#N/A,d16666s8i12
#N/A,d16666s6i3
#N/A,d16666s6i4
#N/A,d16666s3i1
103,d16666s11i13
#N/A,d16651s25i27
#N/A,d16648s6i63
3,3307s34i11
28,3307s8i1
3,3307s5i13
3,3304s26i3
3,3305s144i8
9,3305s107i16
6,3305s100i4
6,3305s100i2
6,3305s100i1
6,3305s98i4
6,3305s83i3
3,3305s64i64
3,3305s64i56
3,3305s64i53
3,3305s64i50
9,3305s45i17
3,3305s10i2
114,d16315s4i4
114,d16314s24i5
28,d16201s7i7
28,d16201s6i4
#N/A,d16314s4i1
7,4098s66i5
6,4098s49i10
14,d16714s10i1
2,d16713s8i8
2,d16713s8i1
15,d16713s7i4
14,d16713s17i2
21,d16713s15i3
21,d16713s14i6
2,d16713s10i9
25,d16646s69i9
25,d16646s69i12
104,d16615s7i10
81,d16614s5i2
81,d16614s12i3
62,d16540s5i1
62,d16540s5i6
62,d16540s5i9
62,d16522s6i1
3,3305s64i141
#N/A,d16608s7i1
79,d16606s3i1
79,d16541s2i17
104,d16541s11i18
#N/A,d16537s3i27
81,d16534s4i4
#N/A,d16530s6i1
103,d16525s4i3
103,d16525s4i19
9,d16623s37i2
10,d16623s10i3
8,d16618s6i3
38,d16604s2i3
9,d16391s113i8
9,4129s2i4
9,4129s7i2
38,4113s18i12
28,4113s16i20
62,d16523s2i6
98,d16521s7i2
103,d16520s26i6
104,d16519s5i17
104,d16519s16i14
98,d16518s4i3
98,d16518s4i17
77,d16515s4i1
62,d16514s9i9
62,d16514s9i5
#N/A,d16507s13i4
#N/A,d16507s13i10
#N/A,d16507s13i16
117,d16386s11i9
55,d16634s65i1
55,d16634s65i2
59,d16388s13i1
59,d16388s13i5
3,d16368s8i15
#N/A,d16380s74i3
88,d16386s19i1
3,4020s82i12
117,d16386s11i2
117,d16386s11i3
117,d16386s11i4
117,d16386s11i8
117,d16386s11i10
55,d16385s87i1
55,d16385s87i2
55,d16385s87i3
55,d16385s87i4
25,d16385s74i5
55,d16385s66i1
55,d16385s66i2
55,d16385s66i3
8,4020s74i1
1,4020s52i3
9,d16604s4i3
7,d16604s10i3
28,d16391s44i2
28,d16391s33i1
55,d16383s34i7
55,d16383s34i8
55,d16383s34i9
55,d16383s34i3
55,d16383s34i4
55,d16383s34i5
55,d16383s34i6
137,d16383s12i10
55,d16382s63i1
55,d16382s63i2
3,4335s12i16
3,4335s12i9
10,d16482s68i11
58,d16482s40i1
58,d16482s33i8
58,d16482s28i12
58,d16482s26i2
58,d16482s23i4
58,d16482s23i15
58,d16482s22i1
58,d16482s22i6
58,d16482s21i1
1,d15764s34i7
127,d15764s29i1
1,d15764s27i3
7,3085s48i4
7,3085s48i6
6,d16285s39i1
1,d16285s14i7
1,d16285s14i10
28,d16288s54i2
7,d16288s43i3
3,d16288s29i81
3,d16288s29i24
3,d16225s8i1
114,d16225s41i2
3,d16225s32i2
3,d16225s32i9
7,d16224s2i1
1,d16224s19i1
3,d16224s16i15
3,d16224s15i18
3,d16224s14i1
3,d16224s12i45
7,d16224s11i6
3,d16224s10i32
3,d16224s10i35
26,4106s6i3
21,4106s53i6
21,4106s53i7
21,4106s52i2
21,4106s50i4
114,4106s47i3
3,4106s42i14
3,4106s41i10
5,4104s27i5
5,4104s27i13
7,d16069s27i4
3,3216s2i37
3,3216s2i42
3,3216s11i1
28,3254s6i1
38,3254s26i2
3,3254s21i8
38,3254s20i1
3,3254s18i60
7,3976s22i3
17,d16297s1i1
17,d16297s2i6
28,d16196s3i2
38,d16300s6i2
17,d16295s2i6
28,d16296s6i2
122,d16132s8i1
122,d16132s7i1
122,d16132s6i1
122,d16132s4i1
122,d16132s3i1
69,d15704s9i1
69,d15704s8i1
69,d15704s7i1
69,d15704s6i1
69,d15704s5i1
69,d15704s4i1
69,d15704s3i1
69,d15704s2i1
69,d15704s1i1
1,d16131s9i7
6,d16131s8i29
6,d16131s6i7
6,d16131s5i6
6,d16131s3i1
39,d15705s8i1
39,d15705s7i17
5,d16173s13i1
5,d16173s12i1
38,d16172s6i2
17,d15809s6i2
17,d15808s6i3